reference,value,footprint,status,x_mm,y_mm,rotation_deg,side,footprint_sha256
C1,33n / 100V,Capacitor_SMD:C_0805_2012Metric,provisional,135,57,0,B,62775a51fe74ba7f1b572de327bdbd3fc92582721b2abcaa47787865590d89cb
C2,33n / 100V,Capacitor_SMD:C_0805_2012Metric,provisional,135,60,0,B,62775a51fe74ba7f1b572de327bdbd3fc92582721b2abcaa47787865590d89cb
C3,33n / 100V,Capacitor_SMD:C_0805_2012Metric,provisional,135,74,0,B,62775a51fe74ba7f1b572de327bdbd3fc92582721b2abcaa47787865590d89cb
C4,33n / 100V,Capacitor_SMD:C_0805_2012Metric,provisional,135,77,0,B,62775a51fe74ba7f1b572de327bdbd3fc92582721b2abcaa47787865590d89cb
C5,1u / 100V film,Capacitor_THT:C_Rect_L18.0mm_W9.0mm_P15.00mm_FKS3_FKP3,provisional,182,35,0,F,2cefe1b7b4b50cd43199e4cdc2ca843393db0095876f3f26deb29bdeb93dac9e
C6,1u / 100V film,Capacitor_THT:C_Rect_L18.0mm_W9.0mm_P15.00mm_FKS3_FKP3,provisional,182,55,0,F,2cefe1b7b4b50cd43199e4cdc2ca843393db0095876f3f26deb29bdeb93dac9e
C7,1u / 100V film,Capacitor_THT:C_Rect_L18.0mm_W9.0mm_P15.00mm_FKS3_FKP3,provisional,182,75,0,F,2cefe1b7b4b50cd43199e4cdc2ca843393db0095876f3f26deb29bdeb93dac9e
C8,1u / 100V film,Capacitor_THT:C_Rect_L18.0mm_W9.0mm_P15.00mm_FKS3_FKP3,provisional,182,95,0,F,2cefe1b7b4b50cd43199e4cdc2ca843393db0095876f3f26deb29bdeb93dac9e
C9,1n / 100V,Capacitor_SMD:C_0805_2012Metric,provisional,205,35,0,F,62775a51fe74ba7f1b572de327bdbd3fc92582721b2abcaa47787865590d89cb
C10,1n / 100V,Capacitor_SMD:C_0805_2012Metric,provisional,205,55,0,F,62775a51fe74ba7f1b572de327bdbd3fc92582721b2abcaa47787865590d89cb
C11,1n / 100V,Capacitor_SMD:C_0805_2012Metric,provisional,205,75,0,F,62775a51fe74ba7f1b572de327bdbd3fc92582721b2abcaa47787865590d89cb
C12,1n / 100V,Capacitor_SMD:C_0805_2012Metric,provisional,205,95,0,F,62775a51fe74ba7f1b572de327bdbd3fc92582721b2abcaa47787865590d89cb
C13,220n / 100V film,Capacitor_THT:C_Rect_L13.0mm_W6.0mm_P10.00mm_FKS3_FKP3_MKS4,provisional,184,44,0,F,7672e33a5ccc2c55a4569535706789413885ef9c8dfcc8f6919c5708c810ec06
C14,220n / 100V film,Capacitor_THT:C_Rect_L13.0mm_W6.0mm_P10.00mm_FKS3_FKP3_MKS4,provisional,184,64,0,F,7672e33a5ccc2c55a4569535706789413885ef9c8dfcc8f6919c5708c810ec06
C15,220n / 100V film,Capacitor_THT:C_Rect_L13.0mm_W6.0mm_P10.00mm_FKS3_FKP3_MKS4,provisional,184,84,0,F,7672e33a5ccc2c55a4569535706789413885ef9c8dfcc8f6919c5708c810ec06
C16,220n / 100V film,Capacitor_THT:C_Rect_L13.0mm_W6.0mm_P10.00mm_FKS3_FKP3_MKS4,provisional,184,104,0,F,7672e33a5ccc2c55a4569535706789413885ef9c8dfcc8f6919c5708c810ec06
C101,10u / 25V BP,Placement:BP_Cap_D8_P3.5,provisional,77,26,0,F,c07037b337b8a5c206b1e8cac7ab5ff0bc5a8583b61bd0324506813ea5b541d2
C102,330p / C0G,Capacitor_SMD:C_0805_2012Metric,provisional,92,34,0,B,62775a51fe74ba7f1b572de327bdbd3fc92582721b2abcaa47787865590d89cb
C103,330p / C0G,Capacitor_SMD:C_0805_2012Metric,provisional,92,38,0,B,62775a51fe74ba7f1b572de327bdbd3fc92582721b2abcaa47787865590d89cb
C121,10u / 25V BP,Placement:BP_Cap_D8_P3.5,provisional,83,102,0,F,c07037b337b8a5c206b1e8cac7ab5ff0bc5a8583b61bd0324506813ea5b541d2
C122,330p / C0G,Capacitor_SMD:C_0805_2012Metric,provisional,92,86,0,B,62775a51fe74ba7f1b572de327bdbd3fc92582721b2abcaa47787865590d89cb
C123,330p / C0G,Capacitor_SMD:C_0805_2012Metric,provisional,92,90,0,B,62775a51fe74ba7f1b572de327bdbd3fc92582721b2abcaa47787865590d89cb
C150,10u / 50V BP,Placement:BP_Cap_D8_P3.5,provisional,97,50,0,F,c07037b337b8a5c206b1e8cac7ab5ff0bc5a8583b61bd0324506813ea5b541d2
C151,10u / 50V BP,Placement:BP_Cap_D8_P3.5,provisional,97,60,0,F,c07037b337b8a5c206b1e8cac7ab5ff0bc5a8583b61bd0324506813ea5b541d2
C152,10u / 50V BP,Placement:BP_Cap_D8_P3.5,provisional,97,72,0,F,c07037b337b8a5c206b1e8cac7ab5ff0bc5a8583b61bd0324506813ea5b541d2
C153,10u / 50V BP,Placement:BP_Cap_D8_P3.5,provisional,97,82,0,F,c07037b337b8a5c206b1e8cac7ab5ff0bc5a8583b61bd0324506813ea5b541d2
C154,100p / C0G,Capacitor_SMD:C_0805_2012Metric,provisional,107,50,0,B,62775a51fe74ba7f1b572de327bdbd3fc92582721b2abcaa47787865590d89cb
C155,100p / C0G,Capacitor_SMD:C_0805_2012Metric,provisional,107,60,0,B,62775a51fe74ba7f1b572de327bdbd3fc92582721b2abcaa47787865590d89cb
C156,100p / C0G,Capacitor_SMD:C_0805_2012Metric,provisional,107,72,0,B,62775a51fe74ba7f1b572de327bdbd3fc92582721b2abcaa47787865590d89cb
C157,100p / C0G,Capacitor_SMD:C_0805_2012Metric,provisional,107,82,0,B,62775a51fe74ba7f1b572de327bdbd3fc92582721b2abcaa47787865590d89cb
C201,1u / 100V X7R,Capacitor_SMD:C_1206_3216Metric,provisional,131,62,0,B,b2e4a08e3aaf40bc587090190c0e3969e962d7ae962c172cce0581ae8327651c
C202,1u / 100V X7R,Capacitor_SMD:C_1206_3216Metric,provisional,131,65,0,B,b2e4a08e3aaf40bc587090190c0e3969e962d7ae962c172cce0581ae8327651c
C203,1u / 100V X7R,Capacitor_SMD:C_1206_3216Metric,provisional,131,68,0,B,b2e4a08e3aaf40bc587090190c0e3969e962d7ae962c172cce0581ae8327651c
C204,1u / 100V X7R,Capacitor_SMD:C_1206_3216Metric,provisional,131,71,0,B,b2e4a08e3aaf40bc587090190c0e3969e962d7ae962c172cce0581ae8327651c
C205,470u / 80V,Capacitor_THT:CP_Radial_D18.0mm_P7.50mm,provisional,135,21,0,F,1c99021c3a0ed41751554408bb417ab0045a43bdf8744bcb186a90710d994559
C206,470u / 80V,Capacitor_THT:CP_Radial_D18.0mm_P7.50mm,provisional,135,107,0,F,1c99021c3a0ed41751554408bb417ab0045a43bdf8744bcb186a90710d994559
C207,10u / 25V,Capacitor_SMD:C_1206_3216Metric,provisional,117,63,0,B,b2e4a08e3aaf40bc587090190c0e3969e962d7ae962c172cce0581ae8327651c
C208,100n / 25V,Capacitor_SMD:C_0805_2012Metric,provisional,118,55,0,B,62775a51fe74ba7f1b572de327bdbd3fc92582721b2abcaa47787865590d89cb
C209,100n / 25V,Capacitor_SMD:C_0805_2012Metric,provisional,125,55,0,B,62775a51fe74ba7f1b572de327bdbd3fc92582721b2abcaa47787865590d89cb
C210,100n / 25V,Capacitor_SMD:C_0805_2012Metric,provisional,117,74,0,B,62775a51fe74ba7f1b572de327bdbd3fc92582721b2abcaa47787865590d89cb
C211,1u / 16V,Capacitor_SMD:C_0805_2012Metric,provisional,117,67,0,B,62775a51fe74ba7f1b572de327bdbd3fc92582721b2abcaa47787865590d89cb
C212,1u / 16V,Capacitor_SMD:C_0805_2012Metric,provisional,117,70,0,B,62775a51fe74ba7f1b572de327bdbd3fc92582721b2abcaa47787865590d89cb
C213,1u / 16V,Capacitor_SMD:C_0805_2012Metric,provisional,117,78,0,B,62775a51fe74ba7f1b572de327bdbd3fc92582721b2abcaa47787865590d89cb
C214,47n / 25V,Capacitor_SMD:C_0805_2012Metric,provisional,121,80,0,B,62775a51fe74ba7f1b572de327bdbd3fc92582721b2abcaa47787865590d89cb
C215,100u / 25V,Capacitor_THT:CP_Radial_D8.0mm_P3.50mm,provisional,63,101,0,F,e7256cc327aa5d1bc5410a487248fa9b5e3d25153b2315201d5da5108cb49580
C216,10u / 16V,Capacitor_SMD:C_1206_3216Metric,provisional,74,105,0,F,b2e4a08e3aaf40bc587090190c0e3969e962d7ae962c172cce0581ae8327651c
C217,100n / 16V,Capacitor_SMD:C_0805_2012Metric,provisional,74,109,0,F,62775a51fe74ba7f1b572de327bdbd3fc92582721b2abcaa47787865590d89cb
C218,100n / 25V,Capacitor_SMD:C_0805_2012Metric,provisional,86,40,0,B,62775a51fe74ba7f1b572de327bdbd3fc92582721b2abcaa47787865590d89cb
C219,100n / 25V,Capacitor_SMD:C_0805_2012Metric,provisional,86,89,0,B,62775a51fe74ba7f1b572de327bdbd3fc92582721b2abcaa47787865590d89cb
C301,1u / 25V,Capacitor_SMD:C_0805_2012Metric,provisional,65,143,0,F,62775a51fe74ba7f1b572de327bdbd3fc92582721b2abcaa47787865590d89cb
C302,1u / 16V,Capacitor_SMD:C_0805_2012Metric,provisional,65,152,0,F,62775a51fe74ba7f1b572de327bdbd3fc92582721b2abcaa47787865590d89cb
C303,1n / C0G,Capacitor_SMD:C_0805_2012Metric,provisional,82,136,0,F,62775a51fe74ba7f1b572de327bdbd3fc92582721b2abcaa47787865590d89cb
C304,4.7u / 16V film 5%,Capacitor_THT:C_Rect_L18.0mm_W9.0mm_P15.00mm_FKS3_FKP3,provisional,91,139,0,F,2cefe1b7b4b50cd43199e4cdc2ca843393db0095876f3f26deb29bdeb93dac9e
C305,180n / 5% C0G,Capacitor_SMD:C_1206_3216Metric,provisional,104,131,0,F,b2e4a08e3aaf40bc587090190c0e3969e962d7ae962c172cce0581ae8327651c
C310,100n / 16V,Capacitor_SMD:C_0805_2012Metric,provisional,43,129,0,B,62775a51fe74ba7f1b572de327bdbd3fc92582721b2abcaa47787865590d89cb
C311,100n / 16V,Capacitor_SMD:C_0805_2012Metric,provisional,58,129,0,B,62775a51fe74ba7f1b572de327bdbd3fc92582721b2abcaa47787865590d89cb
C312,100n / 16V,Capacitor_SMD:C_0805_2012Metric,provisional,69,129,0,B,62775a51fe74ba7f1b572de327bdbd3fc92582721b2abcaa47787865590d89cb
C313,100n / 16V,Capacitor_SMD:C_0805_2012Metric,provisional,82,129,0,B,62775a51fe74ba7f1b572de327bdbd3fc92582721b2abcaa47787865590d89cb
C314,100n / 16V,Capacitor_SMD:C_0805_2012Metric,provisional,96,129,0,B,62775a51fe74ba7f1b572de327bdbd3fc92582721b2abcaa47787865590d89cb
C315,100n / 16V,Capacitor_SMD:C_0805_2012Metric,provisional,108,129,0,B,62775a51fe74ba7f1b572de327bdbd3fc92582721b2abcaa47787865590d89cb
C401,1u / 100V X7R,Capacitor_SMD:C_1206_3216Metric,provisional,148,130,0,F,b2e4a08e3aaf40bc587090190c0e3969e962d7ae962c172cce0581ae8327651c
C402,2.2u / 10V X7R,Capacitor_SMD:C_1206_3216Metric,provisional,130,146,0,F,b2e4a08e3aaf40bc587090190c0e3969e962d7ae962c172cce0581ae8327651c
C501,220p / 100V C0G,Capacitor_SMD:C_0805_2012Metric,provisional,100,46,0,B,62775a51fe74ba7f1b572de327bdbd3fc92582721b2abcaa47787865590d89cb
C502,220p / 100V C0G,Capacitor_SMD:C_0805_2012Metric,provisional,100,56,0,B,62775a51fe74ba7f1b572de327bdbd3fc92582721b2abcaa47787865590d89cb
C503,220p / 100V C0G,Capacitor_SMD:C_0805_2012Metric,provisional,100,68,0,B,62775a51fe74ba7f1b572de327bdbd3fc92582721b2abcaa47787865590d89cb
C504,220p / 100V C0G,Capacitor_SMD:C_0805_2012Metric,provisional,100,78,0,B,62775a51fe74ba7f1b572de327bdbd3fc92582721b2abcaa47787865590d89cb
C505,220p / 100V C0G,Capacitor_SMD:C_0805_2012Metric,provisional,111,46,0,B,62775a51fe74ba7f1b572de327bdbd3fc92582721b2abcaa47787865590d89cb
C506,220p / 100V C0G,Capacitor_SMD:C_0805_2012Metric,provisional,111,56,0,B,62775a51fe74ba7f1b572de327bdbd3fc92582721b2abcaa47787865590d89cb
C507,220p / 100V C0G,Capacitor_SMD:C_0805_2012Metric,provisional,111,68,0,B,62775a51fe74ba7f1b572de327bdbd3fc92582721b2abcaa47787865590d89cb
C508,220p / 100V C0G,Capacitor_SMD:C_0805_2012Metric,provisional,111,78,0,B,62775a51fe74ba7f1b572de327bdbd3fc92582721b2abcaa47787865590d89cb
C601,47u / 25V BP,Placement:BP_Cap_D10_P5,provisional,38,25,0,F,02b646bc071b9e1bd998976ccb4a00782db2eb447e36fab5d66330906a4a3986
C602,47u / 25V BP,Placement:BP_Cap_D10_P5,provisional,38,39,0,F,02b646bc071b9e1bd998976ccb4a00782db2eb447e36fab5d66330906a4a3986
C603,47u / 25V BP,Placement:BP_Cap_D10_P5,provisional,38,61,0,F,02b646bc071b9e1bd998976ccb4a00782db2eb447e36fab5d66330906a4a3986
C604,47u / 25V BP,Placement:BP_Cap_D10_P5,provisional,38,75,0,F,02b646bc071b9e1bd998976ccb4a00782db2eb447e36fab5d66330906a4a3986
C605,47u / 25V BP,Placement:BP_Cap_D10_P5,provisional,62,27,0,F,02b646bc071b9e1bd998976ccb4a00782db2eb447e36fab5d66330906a4a3986
C606,47u / 25V BP,Placement:BP_Cap_D10_P5,provisional,62,76,0,F,02b646bc071b9e1bd998976ccb4a00782db2eb447e36fab5d66330906a4a3986
C607,100n / 25V,Capacitor_SMD:C_0805_2012Metric,provisional,57,44,0,B,62775a51fe74ba7f1b572de327bdbd3fc92582721b2abcaa47787865590d89cb
C608,100n / 25V,Capacitor_SMD:C_0805_2012Metric,provisional,57,64,0,B,62775a51fe74ba7f1b572de327bdbd3fc92582721b2abcaa47787865590d89cb
C609,100u / 25V,Capacitor_THT:CP_Radial_D8.0mm_P3.50mm,provisional,52,95,0,F,e7256cc327aa5d1bc5410a487248fa9b5e3d25153b2315201d5da5108cb49580
D301,1N4148,Placement:DO35_A1_K2_P7.62,provisional,18,132,0,F,1bb330a37c34172e1b41f82d967462f5f3cef8e02a81710f4c141939324e7364
D302,1N4148,Placement:DO35_A1_K2_P7.62,provisional,70,138,0,F,1bb330a37c34172e1b41f82d967462f5f3cef8e02a81710f4c141939324e7364
D303,BAT54,Package_TO_SOT_SMD:SOT-23,package_candidate,113,137,0,F,0d88c86c1b6d8c1aae4aa8c09386264c089d4451a128b6ccd63ed253f4300b15
D401,STPS5H100B,Package_TO_SOT_SMD:TO-252-3_TabPin2,package_candidate,148,142,0,F,b38d2dae2942b02a83304e3c2d2ee8aff35f7b8fa6457b2f9ac3fdea91984dea
F1,T5A / >=80VDC TBD MPN,Placement:Fuse_P22_Provisional,provisional,179,146,0,F,6d549ec40e0b7eca4435a8b638907d48bddc54eb3ae967934af63880b9e11ecc
J1,LEFT BTL,TerminalBlock_Phoenix:TerminalBlock_Phoenix_MKDS-3-2-5.08_1x02_P5.08mm_Horizontal,provisional,210,48,90,F,e3b06eda34b6c80468fef8b320e1710a8d768cdb078443257022da58112e71fe
J2,RIGHT BTL,TerminalBlock_Phoenix:TerminalBlock_Phoenix_MKDS-3-2-5.08_1x02_P5.08mm_Horizontal,provisional,210,89,90,F,e3b06eda34b6c80468fef8b320e1710a8d768cdb078443257022da58112e71fe
J101,L RCA,Connector_PinHeader_2.54mm:PinHeader_1x02_P2.54mm_Vertical,provisional,12,10,0,F,5301303268f72ba9cc94b7fdbac355951933e6854272ce8d300b679b86b5d45d
J102,R RCA,Connector_PinHeader_2.54mm:PinHeader_1x02_P2.54mm_Vertical,provisional,12,94,0,F,5301303268f72ba9cc94b7fdbac355951933e6854272ce8d300b679b86b5d45d
J201,INTERNAL 48V INPUT,TerminalBlock_Phoenix:TerminalBlock_Phoenix_MKDS-3-2-5.08_1x02_P5.08mm_Horizontal,provisional,205,147,180,F,e3b06eda34b6c80468fef8b320e1710a8d768cdb078443257022da58112e71fe
J202,INTERNAL 12V INPUT,TerminalBlock_Phoenix:TerminalBlock_Phoenix_MKDS-3-2-5.08_1x02_P5.08mm_Horizontal,provisional,17,150,90,F,e3b06eda34b6c80468fef8b320e1710a8d768cdb078443257022da58112e71fe
J301,TRIGGER TIP / SLEEVE,Connector_PinHeader_2.54mm:PinHeader_1x02_P2.54mm_Vertical,provisional,12,128,0,F,5301303268f72ba9cc94b7fdbac355951933e6854272ce8d300b679b86b5d45d
J302,AUTO / COMMON / ON,Connector_PinHeader_2.54mm:PinHeader_1x03_P2.54mm_Vertical,provisional,98,149,0,F,e5f24b6fea852f86171042806da48490229c9c8025b6d266b8cad6485b26e79f
J303,STATUS,Connector_PinHeader_2.54mm:PinHeader_1x04_P2.54mm_Vertical,provisional,112,148,0,F,571d2d16b49795f8f9a91f96cc83fd2adf49890cd66c377189c44204ebd03c29
J601,L XLR FEMALE,Connector_PinHeader_2.54mm:PinHeader_1x03_P2.54mm_Vertical,provisional,12,23,0,F,e5f24b6fea852f86171042806da48490229c9c8025b6d266b8cad6485b26e79f
J602,R XLR FEMALE,Connector_PinHeader_2.54mm:PinHeader_1x03_P2.54mm_Vertical,provisional,12,62,0,F,e5f24b6fea852f86171042806da48490229c9c8025b6d266b8cad6485b26e79f
J603,L RCA / COM / XLR,Connector_PinHeader_2.54mm:PinHeader_1x03_P2.54mm_Vertical,provisional,70,26,0,F,e5f24b6fea852f86171042806da48490229c9c8025b6d266b8cad6485b26e79f
J604,R RCA / COM / XLR,Connector_PinHeader_2.54mm:PinHeader_1x03_P2.54mm_Vertical,provisional,72,82,0,F,e5f24b6fea852f86171042806da48490229c9c8025b6d266b8cad6485b26e79f
J605,CHASSIS BOND,Connector_PinHeader_2.54mm:PinHeader_1x02_P2.54mm_Vertical,provisional,12,112,0,F,5301303268f72ba9cc94b7fdbac355951933e6854272ce8d300b679b86b5d45d
L1,10u / MA5172-AE,Placement:MA5172_AE_Provisional,provisional,163,35,0,F,0ec708b51ea6f765428eedcae2f9a843a1a39e19a95a74f7cf50fea7ee9290ad
L2,10u / MA5172-AE,Placement:MA5172_AE_Provisional,provisional,163,55,0,F,0ec708b51ea6f765428eedcae2f9a843a1a39e19a95a74f7cf50fea7ee9290ad
L3,10u / MA5172-AE,Placement:MA5172_AE_Provisional,provisional,163,75,0,F,0ec708b51ea6f765428eedcae2f9a843a1a39e19a95a74f7cf50fea7ee9290ad
L4,10u / MA5172-AE,Placement:MA5172_AE_Provisional,provisional,163,95,0,F,0ec708b51ea6f765428eedcae2f9a843a1a39e19a95a74f7cf50fea7ee9290ad
R1,1 / 1W,Resistor_SMD:R_2512_6332Metric,provisional,206,29,0,F,abab4bf8eeb3ed03061d8eeb56b542cdac074ce8a0ace0f9b06e933c0b48f297
R2,1 / 1W,Resistor_SMD:R_2512_6332Metric,provisional,206,64,0,F,abab4bf8eeb3ed03061d8eeb56b542cdac074ce8a0ace0f9b06e933c0b48f297
R3,1 / 1W,Resistor_SMD:R_2512_6332Metric,provisional,206,69,0,F,abab4bf8eeb3ed03061d8eeb56b542cdac074ce8a0ace0f9b06e933c0b48f297
R4,1 / 1W,Resistor_SMD:R_2512_6332Metric,provisional,206,104,0,F,abab4bf8eeb3ed03061d8eeb56b542cdac074ce8a0ace0f9b06e933c0b48f297
R101,100k,Resistor_SMD:R_0805_2012Metric,provisional,77,20,0,F,f050b6a50cc7e6f86291fb7aa8f87b0d02255e21cfbddf291cdccc87e5889794
R102,11.5k / 0.1%,Resistor_SMD:R_0805_2012Metric,provisional,78,35,0,F,f050b6a50cc7e6f86291fb7aa8f87b0d02255e21cfbddf291cdccc87e5889794
R103,10k / 0.1%,Resistor_SMD:R_0805_2012Metric,provisional,78,38,0,F,f050b6a50cc7e6f86291fb7aa8f87b0d02255e21cfbddf291cdccc87e5889794
R104,10k / 0.1%,Resistor_SMD:R_0805_2012Metric,provisional,78,41,0,F,f050b6a50cc7e6f86291fb7aa8f87b0d02255e21cfbddf291cdccc87e5889794
R105,10k / 0.1%,Resistor_SMD:R_0805_2012Metric,provisional,91,42,0,F,f050b6a50cc7e6f86291fb7aa8f87b0d02255e21cfbddf291cdccc87e5889794
R121,100k,Resistor_SMD:R_0805_2012Metric,provisional,90,102,0,F,f050b6a50cc7e6f86291fb7aa8f87b0d02255e21cfbddf291cdccc87e5889794
R122,11.5k / 0.1%,Resistor_SMD:R_0805_2012Metric,provisional,78,85,0,F,f050b6a50cc7e6f86291fb7aa8f87b0d02255e21cfbddf291cdccc87e5889794
R123,10k / 0.1%,Resistor_SMD:R_0805_2012Metric,provisional,78,88,0,F,f050b6a50cc7e6f86291fb7aa8f87b0d02255e21cfbddf291cdccc87e5889794
R124,10k / 0.1%,Resistor_SMD:R_0805_2012Metric,provisional,78,91,0,F,f050b6a50cc7e6f86291fb7aa8f87b0d02255e21cfbddf291cdccc87e5889794
R125,10k / 0.1%,Resistor_SMD:R_0805_2012Metric,provisional,91,91,0,F,f050b6a50cc7e6f86291fb7aa8f87b0d02255e21cfbddf291cdccc87e5889794
R150,2.7k / 0.1%,Resistor_SMD:R_0805_2012Metric,provisional,89,50,0,F,f050b6a50cc7e6f86291fb7aa8f87b0d02255e21cfbddf291cdccc87e5889794
R151,2.7k / 0.1%,Resistor_SMD:R_0805_2012Metric,provisional,89,60,0,F,f050b6a50cc7e6f86291fb7aa8f87b0d02255e21cfbddf291cdccc87e5889794
R152,2.7k / 0.1%,Resistor_SMD:R_0805_2012Metric,provisional,89,72,0,F,f050b6a50cc7e6f86291fb7aa8f87b0d02255e21cfbddf291cdccc87e5889794
R153,2.7k / 0.1%,Resistor_SMD:R_0805_2012Metric,provisional,89,82,0,F,f050b6a50cc7e6f86291fb7aa8f87b0d02255e21cfbddf291cdccc87e5889794
R201,3.3,Resistor_SMD:R_0805_2012Metric,provisional,117,59,0,B,f050b6a50cc7e6f86291fb7aa8f87b0d02255e21cfbddf291cdccc87e5889794
R202,22k / 1%,Resistor_SMD:R_0805_2012Metric,provisional,113,73,0,B,f050b6a50cc7e6f86291fb7aa8f87b0d02255e21cfbddf291cdccc87e5889794
R203,30k / 1%,Resistor_SMD:R_0805_2012Metric,provisional,112,85,0,B,f050b6a50cc7e6f86291fb7aa8f87b0d02255e21cfbddf291cdccc87e5889794
R204,10,Resistor_SMD:R_0805_2012Metric,provisional,65,93,0,F,f050b6a50cc7e6f86291fb7aa8f87b0d02255e21cfbddf291cdccc87e5889794
R205,10k / 1%,Resistor_SMD:R_0805_2012Metric,provisional,74,99,0,F,f050b6a50cc7e6f86291fb7aa8f87b0d02255e21cfbddf291cdccc87e5889794
R206,10k / 1%,Resistor_SMD:R_0805_2012Metric,provisional,69,109,0,F,f050b6a50cc7e6f86291fb7aa8f87b0d02255e21cfbddf291cdccc87e5889794
R301,1k / 1%,Resistor_SMD:R_0805_2012Metric,provisional,111,119,0,F,f050b6a50cc7e6f86291fb7aa8f87b0d02255e21cfbddf291cdccc87e5889794
R302,4.7k / 1%,Resistor_SMD:R_0805_2012Metric,provisional,113,116,0,F,f050b6a50cc7e6f86291fb7aa8f87b0d02255e21cfbddf291cdccc87e5889794
R303,6.8k / 1%,Resistor_SMD:R_0805_2012Metric,provisional,18,121,0,F,f050b6a50cc7e6f86291fb7aa8f87b0d02255e21cfbddf291cdccc87e5889794
R304,22k / 1%,Resistor_SMD:R_0805_2012Metric,provisional,43,121,0,F,f050b6a50cc7e6f86291fb7aa8f87b0d02255e21cfbddf291cdccc87e5889794
R305,100k,Resistor_SMD:R_0805_2012Metric,provisional,30,121,0,F,f050b6a50cc7e6f86291fb7aa8f87b0d02255e21cfbddf291cdccc87e5889794
R306,267k / 0.1%,Resistor_SMD:R_0805_2012Metric,provisional,58,114,0,F,f050b6a50cc7e6f86291fb7aa8f87b0d02255e21cfbddf291cdccc87e5889794
R307,10k / 0.1%,Resistor_SMD:R_0805_2012Metric,provisional,58,118,0,F,f050b6a50cc7e6f86291fb7aa8f87b0d02255e21cfbddf291cdccc87e5889794
R308,10k,Resistor_SMD:R_0805_2012Metric,provisional,69,120,0,F,f050b6a50cc7e6f86291fb7aa8f87b0d02255e21cfbddf291cdccc87e5889794
R309,1k,Resistor_SMD:R_0805_2012Metric,provisional,73,132,0,F,f050b6a50cc7e6f86291fb7aa8f87b0d02255e21cfbddf291cdccc87e5889794
R310,100k / 1%,Resistor_SMD:R_0805_2012Metric,provisional,82,132,0,F,f050b6a50cc7e6f86291fb7aa8f87b0d02255e21cfbddf291cdccc87e5889794
R311,1M / 0.1%,Resistor_SMD:R_0805_2012Metric,provisional,100,114,0,F,f050b6a50cc7e6f86291fb7aa8f87b0d02255e21cfbddf291cdccc87e5889794
R312,10k / 0.1%,Resistor_SMD:R_0805_2012Metric,provisional,100,118,0,F,f050b6a50cc7e6f86291fb7aa8f87b0d02255e21cfbddf291cdccc87e5889794
R313,10k,Resistor_SMD:R_0805_2012Metric,provisional,105,121,0,F,f050b6a50cc7e6f86291fb7aa8f87b0d02255e21cfbddf291cdccc87e5889794
R314,10k,Resistor_SMD:R_0805_2012Metric,provisional,108,131,0,F,f050b6a50cc7e6f86291fb7aa8f87b0d02255e21cfbddf291cdccc87e5889794
R401,324k / 0.1%,Resistor_SMD:R_0805_2012Metric,provisional,120,132,0,F,f050b6a50cc7e6f86291fb7aa8f87b0d02255e21cfbddf291cdccc87e5889794
R402,10k / 0.1%,Resistor_SMD:R_0805_2012Metric,provisional,120,135,0,F,f050b6a50cc7e6f86291fb7aa8f87b0d02255e21cfbddf291cdccc87e5889794
R403,412k / 0.1%,Resistor_SMD:R_0805_2012Metric,provisional,120,138,0,F,f050b6a50cc7e6f86291fb7aa8f87b0d02255e21cfbddf291cdccc87e5889794
R404,10k / 0.1%,Resistor_SMD:R_0805_2012Metric,provisional,120,141,0,F,f050b6a50cc7e6f86291fb7aa8f87b0d02255e21cfbddf291cdccc87e5889794
R405,316k / 0.1%,Resistor_SMD:R_0805_2012Metric,provisional,140,132,0,F,f050b6a50cc7e6f86291fb7aa8f87b0d02255e21cfbddf291cdccc87e5889794
R406,10k / 0.1%,Resistor_SMD:R_0805_2012Metric,provisional,140,135,0,F,f050b6a50cc7e6f86291fb7aa8f87b0d02255e21cfbddf291cdccc87e5889794
R407,4.02k / 1%,Resistor_SMD:R_0805_2012Metric,provisional,130,130,0,F,f050b6a50cc7e6f86291fb7aa8f87b0d02255e21cfbddf291cdccc87e5889794
R408,1k,Resistor_SMD:R_0805_2012Metric,provisional,118,148,0,F,f050b6a50cc7e6f86291fb7aa8f87b0d02255e21cfbddf291cdccc87e5889794
R409,22k,Resistor_SMD:R_0805_2012Metric,provisional,118,151,0,F,f050b6a50cc7e6f86291fb7aa8f87b0d02255e21cfbddf291cdccc87e5889794
R410,22k / 0.5W,Resistor_SMD:R_1206_3216Metric,provisional,146,118,0,F,c7320668dc81bbb954cb4f15e4e7a766c120059343d43551468c8f7ccc8fde37
R501,33k / 0.1%,Resistor_SMD:R_0805_2012Metric,provisional,105,46,0,B,f050b6a50cc7e6f86291fb7aa8f87b0d02255e21cfbddf291cdccc87e5889794
R502,33k / 0.1%,Resistor_SMD:R_0805_2012Metric,provisional,105,56,0,B,f050b6a50cc7e6f86291fb7aa8f87b0d02255e21cfbddf291cdccc87e5889794
R503,33k / 0.1%,Resistor_SMD:R_0805_2012Metric,provisional,105,68,0,B,f050b6a50cc7e6f86291fb7aa8f87b0d02255e21cfbddf291cdccc87e5889794
R504,33k / 0.1%,Resistor_SMD:R_0805_2012Metric,provisional,105,78,0,B,f050b6a50cc7e6f86291fb7aa8f87b0d02255e21cfbddf291cdccc87e5889794
R505,10k / 0.1%,Resistor_SMD:R_0805_2012Metric,provisional,111,49,0,B,f050b6a50cc7e6f86291fb7aa8f87b0d02255e21cfbddf291cdccc87e5889794
R506,10k / 0.1%,Resistor_SMD:R_0805_2012Metric,provisional,111,59,0,B,f050b6a50cc7e6f86291fb7aa8f87b0d02255e21cfbddf291cdccc87e5889794
R507,10k / 0.1%,Resistor_SMD:R_0805_2012Metric,provisional,111,71,0,B,f050b6a50cc7e6f86291fb7aa8f87b0d02255e21cfbddf291cdccc87e5889794
R508,10k / 0.1%,Resistor_SMD:R_0805_2012Metric,provisional,111,81,0,B,f050b6a50cc7e6f86291fb7aa8f87b0d02255e21cfbddf291cdccc87e5889794
R601,47 / 0.1%,Resistor_SMD:R_0805_2012Metric,provisional,26,22,0,F,f050b6a50cc7e6f86291fb7aa8f87b0d02255e21cfbddf291cdccc87e5889794
R602,47 / 0.1%,Resistor_SMD:R_0805_2012Metric,provisional,26,36,0,F,f050b6a50cc7e6f86291fb7aa8f87b0d02255e21cfbddf291cdccc87e5889794
R603,47 / 0.1%,Resistor_SMD:R_0805_2012Metric,provisional,26,58,0,F,f050b6a50cc7e6f86291fb7aa8f87b0d02255e21cfbddf291cdccc87e5889794
R604,47 / 0.1%,Resistor_SMD:R_0805_2012Metric,provisional,26,72,0,F,f050b6a50cc7e6f86291fb7aa8f87b0d02255e21cfbddf291cdccc87e5889794
R605,100k,Resistor_SMD:R_0805_2012Metric,provisional,60,20,0,F,f050b6a50cc7e6f86291fb7aa8f87b0d02255e21cfbddf291cdccc87e5889794
R606,100k,Resistor_SMD:R_0805_2012Metric,provisional,62,88,0,F,f050b6a50cc7e6f86291fb7aa8f87b0d02255e21cfbddf291cdccc87e5889794
R607,10,Resistor_SMD:R_0805_2012Metric,provisional,46,88,0,F,f050b6a50cc7e6f86291fb7aa8f87b0d02255e21cfbddf291cdccc87e5889794
R608,0 / SINGLE BOND,Resistor_SMD:R_0805_2012Metric,provisional,24,114,0,F,f050b6a50cc7e6f86291fb7aa8f87b0d02255e21cfbddf291cdccc87e5889794
U1,TPA3255DDV,Package_SO:HTSSOP-44_6.1x14mm_P0.635mm_TopEP4.14x7.01mm,package_candidate,125,65,0,F,746a6d46abcdfd145204cb2f76c7c14d46cb92f94355839ec1af7ab3b8e244f1
U2,NE5532,Package_SO:SOIC-8_3.9x4.9mm_P1.27mm,package_candidate,86,37,0,F,074ecb2092b24fa4b4b9cdd7c926fc587b0d7d6d21e7341e57935fd42d36894f
U3,NE5532,Package_SO:SOIC-8_3.9x4.9mm_P1.27mm,package_candidate,86,86,0,F,074ecb2092b24fa4b4b9cdd7c926fc587b0d7d6d21e7341e57935fd42d36894f
U4,TLV76033DBZR,Package_TO_SOT_SMD:SOT-23,package_candidate,65,148,0,F,0d88c86c1b6d8c1aae4aa8c09386264c089d4451a128b6ccd63ed253f4300b15
U301,VOS618A-3T,Package_SO:SSOP-4_4.4x2.6mm_P1.27mm,package_candidate,30,128,0,F,4c0e3e53aec80c878a32659b8c4f3d0ba3b3ccc572e75f069da44de6d1038daa
U302,SN74LVC1G14DBVR,Package_TO_SOT_SMD:SOT-23-5,package_candidate,43,126,0,F,455a3f7c3e5eb5b8847eaa5df23e18651e78ab9f75afd09a0883758a0d901761
U303,TPS3808G01DBVR,Package_TO_SOT_SMD:SOT-23-6,package_candidate,58,126,0,F,f341c73aac9dcb553456f68bf3fee3d26eb14acf6d8a1cae82b50418fe1d71ca
U304,SN74LVC1G17DBVR,Package_TO_SOT_SMD:SOT-23-5,package_candidate,69,126,0,F,455a3f7c3e5eb5b8847eaa5df23e18651e78ab9f75afd09a0883758a0d901761
U305,SN74LVC1G17DBVR,Package_TO_SOT_SMD:SOT-23-5,package_candidate,82,126,0,F,455a3f7c3e5eb5b8847eaa5df23e18651e78ab9f75afd09a0883758a0d901761
U306,TPS3808G01DBVR,Package_TO_SOT_SMD:SOT-23-6,package_candidate,96,126,0,F,f341c73aac9dcb553456f68bf3fee3d26eb14acf6d8a1cae82b50418fe1d71ca
U307,SN74LVC1G17DBVR,Package_TO_SOT_SMD:SOT-23-5,package_candidate,108,126,0,F,455a3f7c3e5eb5b8847eaa5df23e18651e78ab9f75afd09a0883758a0d901761
U401,TPS26631PWPR,Package_SO:HTSSOP-20-1EP_4.4x6.5mm_P0.65mm_EP3.4x6.5mm_Mask2.96x2.96mm,package_candidate,130,138,0,F,f6663eda6995b7db057e9f9caf6362d259dab41b27ca79d3305dc4842b84ea0a
U601,INA2137UA,Package_SO:SOIC-14_3.9x8.7mm_P1.27mm,package_candidate,52,45,0,F,a885b619b22880c9559522d2bf865b059d80453b95a98defc9e6ceef284da1fc
U602,NE5532,Package_SO:SOIC-8_3.9x4.9mm_P1.27mm,package_candidate,52,64,0,F,074ecb2092b24fa4b4b9cdd7c926fc587b0d7d6d21e7341e57935fd42d36894f
