frequency_hz,first_real,first_imag,second_real,second_imag
1.0,-0.1722459167876,-0.4990520368045,-0.1722459167876,-0.4990520368045
1.01157945426,-0.17900528876,-0.5010130212855,-0.17900528876,-0.5010130212855
1.023292992281,-0.1857956447052,-0.5028645230718,-0.1857956447052,-0.5028645230718
1.035142166679,-0.1926139181422,-0.5046061710306,-0.1926139181422,-0.5046061710306
1.047128548051,-0.1994570481294,-0.506237698226,-0.1994570481294,-0.506237698226
1.059253725177,-0.2063219834452,-0.5077589408271,-0.2063219834452,-0.5077589408271
1.071519305238,-0.2132056866743,-0.5091698368312,-0.2132056866743,-0.5091698368312
1.083926914021,-0.2201051381896,-0.5104704246076,-0.2201051381896,-0.5104704246076
1.096478196143,-0.2270173400215,-0.5116608412718,-0.2270173400215,-0.5116608412718
1.109174815262,-0.2339393196075,-0.5127413208965,-0.2339393196075,-0.5127413208965
1.122018454302,-0.2408681334142,-0.51371219257,-0.2408681334142,-0.51371219257
1.135010815672,-0.2478008704269,-0.5145738783093,-0.2478008704269,-0.5145738783093
1.148153621497,-0.254734655499,-0.5153268908379,-0.254734655499,-0.5153268908379
1.16144861384,-0.2616666525577,-0.5159718312372,-0.2616666525577,-0.5159718312372
1.17489755494,-0.2685940676612,-0.5165093864819,-0.2685940676612,-0.5165093864819
1.188502227437,-0.2755141519029,-0.5169403268672,-0.2755141519029,-0.5169403268672
1.202264434617,-0.2824242041602,-0.5172655033392,-0.2824242041602,-0.5172655033392
1.216186000646,-0.2893215736847,-0.5174858447372,-0.2893215736847,-0.5174858447372
1.230268770812,-0.296203662533,-0.5176023549576,-0.296203662533,-0.5176023549576
1.244514611771,-0.3030679278343,-0.5176161100492,-0.3030679278343,-0.5176161100492
1.258925411794,-0.3099118838974,-0.5175282552491,-0.3099118838974,-0.5175282552491
1.273503081017,-0.3167331041535,-0.5173400019684,-0.3167331041535,-0.5173400019684
1.288249551693,-0.3235292229377,-0.5170526247374,-0.3235292229377,-0.5170526247374
1.303166778452,-0.3302979371081,-0.5166674581183,-0.3302979371081,-0.5166674581183
1.318256738556,-0.3370370075051,-0.5161858935948,-0.3370370075051,-0.5161858935948
1.333521432163,-0.3437442602523,-0.515609376447,-0.3437442602523,-0.515609376447
1.348962882592,-0.3504175879003,-0.5149394026193,-0.3504175879003,-0.5149394026193
1.364583136589,-0.3570549504179,-0.5141775155898,-0.3570549504179,-0.5141775155898
1.380384264603,-0.3636543760313,-0.5133253032479,-0.3636543760313,-0.5133253032479
1.396368361056,-0.3702139619172,-0.5123843947885,-0.3702139619172,-0.5123843947885
1.412537544623,-0.3767318747506,-0.5113564576283,-0.3767318747506,-0.5113564576283
1.428893958511,-0.3832063511142,-0.5102431943522,-0.3832063511142,-0.5102431943522
1.445439770746,-0.3896356977714,-0.5090463396941,-0.3896356977714,-0.5090463396941
1.462177174457,-0.3960182918081,-0.5077676575607,-0.3960182918081,-0.5077676575607
1.479108388168,-0.4023525806484,-0.5064089380997,-0.4023525806484,-0.5064089380997
1.496235656094,-0.4086370819485,-0.5049719948222,-0.4086370819485,-0.5049719948222
1.513561248436,-0.4148703833735,-0.5034586617794,-0.4148703833735,-0.5034586617794
1.531087461682,-0.4210511422632,-0.5018707908013,-0.4210511422632,-0.5018707908013
1.548816618912,-0.4271780851911,-0.5002102487995,-0.4271780851911,-0.5002102487995
1.566751070108,-0.4332500074226,-0.4984789151383,-0.4332500074226,-0.4984789151383
1.584893192461,-0.4392657722775,-0.4966786790767,-0.4392657722775,-0.4966786790767
1.60324539069,-0.4452243104017,-0.4948114372855,-0.4452243104017,-0.4948114372855
1.621810097359,-0.4511246189546,-0.4928790914397,-0.4511246189546,-0.4928790914397
1.6405897732,-0.4569657607164,-0.4908835458911,-0.4569657607164,-0.4908835458911
1.659586907438,-0.4627468631215,-0.48882670542,-0.4627468631215,-0.48882670542
1.678804018123,-0.4684671172225,-0.4867104730704,-0.4684671172225,-0.4867104730704
1.698243652462,-0.4741257765915,-0.4845367480675,-0.4741257765915,-0.4845367480675
1.717908387158,-0.4797221561611,-0.4823074238194,-0.4797221561611,-0.4823074238194
1.737800828749,-0.485255631014,-0.4800243860041,-0.485255631014,-0.4800243860041
1.757923613959,-0.4907256351225,-0.4776895107414,-0.4907256351225,-0.4776895107414
1.778279410039,-0.4961316600449,-0.4753046628495,-0.4961316600449,-0.4753046628495
1.798870915129,-0.5014732535834,-0.4728716941874,-0.5014732535834,-0.4728716941874
1.81970085861,-0.5067500184066,-0.4703924420818,-0.5067500184066,-0.4703924420818
1.840772001469,-0.5119616106427,-0.4678687278378,-0.5119616106427,-0.4678687278378
1.862087136663,-0.5171077384477,-0.4653023553332,-0.5171077384477,-0.4653023553332
1.88364908949,-0.5221881605503,-0.4626951096955,-0.5221881605503,-0.4626951096955
1.905460717963,-0.5272026847814,-0.4600487560594,-0.5272026847814,-0.4600487560594
1.927524913191,-0.5321511665881,-0.4573650384052,-0.5321511665881,-0.4573650384052
1.949844599758,-0.5370335075389,-0.4546456784752,-0.5370335075389,-0.4546456784752
1.972422736115,-0.5418496538214,-0.4518923747673,-0.5418496538214,-0.4518923747673
1.995262314969,-0.5465995947374,-0.4491068016037,-0.5465995947374,-0.4491068016037
2.018366363682,-0.5512833611972,-0.4462906082739,-0.5512833611972,-0.4462906082739
2.04173794467,-0.5559010242174,-0.4434454182487,-0.5559010242174,-0.4434454182487
2.065380155811,-0.5604526934236,-0.4405728284644,-0.5604526934236,-0.4405728284644
2.089296130854,-0.5649385155618,-0.4376744086746,-0.5649385155618,-0.4376744086746
2.113489039837,-0.5693586730205,-0.4347517008678,-0.5693586730205,-0.4347517008678
2.137962089502,-0.5737133823652,-0.4318062187487,-0.5737133823652,-0.4318062187487
2.162718523727,-0.5780028928888,-0.4288394472808,-0.5780028928888,-0.4288394472808
2.18776162395,-0.5822274851787,-0.4258528422886,-0.5822274851787,-0.4258528422886
2.213094709606,-0.5863874697027,-0.422847830116,-0.5863874697027,-0.422847830116
2.238721138568,-0.5904831854158,-0.419825807341,-0.5904831854158,-0.419825807341
2.264644307593,-0.5945149983889,-0.4167881405417,-0.5945149983889,-0.4167881405417
2.290867652768,-0.5984833004613,-0.413736166113,-0.5984833004613,-0.413736166113
2.317394649968,-0.6023885079177,-0.4106711901325,-0.6023885079177,-0.4106711901325
2.34422881532,-0.6062310601913,-0.4075944882709,-0.6062310601913,-0.4075944882709
2.371373705662,-0.6100114185937,-0.4045073057471,-0.6100114185937,-0.4045073057471
2.39883291902,-0.6137300650727,-0.401410857325,-0.6137300650727,-0.401410857325
2.426610095082,-0.6173875009988,-0.3983063273494,-0.6173875009988,-0.3983063273494
2.454708915685,-0.6209842459803,-0.3951948698198,-0.6209842459803,-0.3951948698198
2.483133105296,-0.6245208367093,-0.3920776084991,-0.6245208367093,-0.3920776084991
2.51188643151,-0.6279978258365,-0.3889556370561,-0.6279978258365,-0.3889556370561
2.540972705549,-0.6314157808781,-0.3858300192391,-0.6314157808781,-0.3858300192391
2.570395782769,-0.6347752831523,-0.3827017890795,-0.6347752831523,-0.3827017890795
2.600159563165,-0.6380769267475,-0.379571951122,-0.6380769267475,-0.379571951122
2.630267991895,-0.6413213175216,-0.3764414806816,-0.6413213175216,-0.3764414806816
2.660725059799,-0.6445090721323,-0.3733113241245,-0.6445090721323,-0.3733113241245
2.691534803927,-0.6476408170988,-0.3701823991702,-0.6476408170988,-0.3701823991702
2.722701308078,-0.6507171878941,-0.3670555952156,-0.6507171878941,-0.3670555952156
2.754228703338,-0.653738828069,-0.3639317736777,-0.653738828069,-0.3639317736777
2.78612116863,-0.6567063884058,-0.3608117683527,-0.6567063884058,-0.3608117683527
2.818382931264,-0.6596205261031,-0.357696385793,-0.6596205261031,-0.357696385793
2.851018267504,-0.6624819039905,-0.354586405697,-0.6624819039905,-0.354586405697
2.884031503127,-0.665291189773,-0.351482581313,-0.665291189773,-0.351482581313
2.917427014001,-0.6680490553048,-0.3483856398545,-0.6680490553048,-0.3483856398545
2.951209226666,-0.6707561758919,-0.3452962829262,-0.6707561758919,-0.3452962829262
2.985382618918,-0.6734132296233,-0.3422151869592,-0.6734132296233,-0.3422151869592
3.019951720402,-0.6760208967301,-0.3391430036549,-0.6760208967301,-0.3391430036549
3.054921113216,-0.678579858972,-0.3360803604348,-0.678579858972,-0.3360803604348
3.090295432514,-0.6810907990506,-0.3330278608976,-0.6810907990506,-0.3330278608976
3.126079367124,-0.6835544000496,-0.3299860852803,-0.6835544000496,-0.3299860852803
3.162277660168,-0.6859713448996,-0.3269555909242,-0.6859713448996,-0.3269555909242
3.198895109691,-0.6883423158694,-0.3239369127433,-0.6883423158694,-0.3239369127433
3.235936569296,-0.6906679940809,-0.3209305636952,-0.6906679940809,-0.3209305636952
3.273406948788,-0.6929490590483,-0.317937035254,-0.6929490590483,-0.317937035254
3.311311214826,-0.6951861882407,-0.3149567978833,-0.6951861882407,-0.3149567978833
3.349654391578,-0.6973800566674,-0.3119903015094,-0.6973800566674,-0.3119903015094
3.388441561392,-0.6995313364846,-0.3090379759939,-0.6995313364846,-0.3090379759939
3.427677865465,-0.7016406966248,-0.3061002316052,-0.7016406966248,-0.3061002316052
3.467368504525,-0.7037088024457,-0.3031774594877,-0.7037088024457,-0.3031774594877
3.507518739526,-0.7057363154002,-0.3002700321291,-0.7057363154002,-0.3002700321291
3.548133892336,-0.7077238927253,-0.2973783038243,-0.7077238927253,-0.2973783038243
3.58921934645,-0.7096721871502,-0.2945026111359,-0.7096721871502,-0.2945026111359
3.630780547701,-0.7115818466226,-0.2916432733516,-0.7115818466226,-0.2916432733516
3.672823004981,-0.7134535140529,-0.2888005929364,-0.7134535140529,-0.2888005929364
3.715352290972,-0.7152878270747,-0.2859748559806,-0.7152878270747,-0.2859748559806
3.758374042884,-0.717085417823,-0.2831663326429,-0.717085417823,-0.2831663326429
3.801893963206,-0.7188469127269,-0.2803752775881,-0.7188469127269,-0.2803752775881
3.845917820454,-0.7205729323183,-0.2776019304194,-0.7205729323183,-0.2776019304194
3.890451449943,-0.7222640910556,-0.2748465161043,-0.7222640910556,-0.2748465161043
3.935500754558,-0.7239209971605,-0.2721092453956,-0.7239209971605,-0.2721092453956
3.981071705535,-0.7255442524693,-0.2693903152446,-0.7255442524693,-0.2693903152446
4.027170343255,-0.7271344522969,-0.2666899092093,-0.7271344522969,-0.2666899092093
4.073802778041,-0.7286921853131,-0.264008197855,-0.7286921853131,-0.264008197855
4.120975190973,-0.7302180334313,-0.2613453391487,-0.7302180334313,-0.2613453391487
4.168693834703,-0.7317125717081,-0.2587014788462,-0.7317125717081,-0.2587014788462
4.216965034286,-0.7331763682548,-0.2560767508725,-0.7331763682548,-0.2560767508725
4.265795188016,-0.734609984158,-0.2534712776952,-0.734609984158,-0.2534712776952
4.315190768278,-0.7360139734117,-0.2508851706902,-0.7360139734117,-0.2508851706902
4.365158322402,-0.737388882858,-0.248318530501,-0.737388882858,-0.248318530501
4.415704473533,-0.7387352521372,-0.2457714473902,-0.7387352521372,-0.2457714473902
4.46683592151,-0.7400536136466,-0.2432440015836,-0.7400536136466,-0.2432440015836
4.518559443749,-0.7413444925078,-0.240736263608,-0.7413444925078,-0.240736263608
4.570881896149,-0.7426084065412,-0.2382482946201,-0.7426084065412,-0.2382482946201
4.623810213993,-0.7438458662489,-0.2357801467299,-0.7438458662489,-0.2357801467299
4.677351412872,-0.7450573748039,-0.2333318633151,-0.7450573748039,-0.2333318633151
4.731512589615,-0.7462434280464,-0.2309034793302,-0.7462434280464,-0.2309034793302
4.786300923226,-0.7474045144864,-0.2284950216062,-0.7474045144864,-0.2284950216062
4.841723675841,-0.7485411153124,-0.2261065091452,-0.7485411153124,-0.2261065091452
4.897788193685,-0.7496537044058,-0.2237379534066,-0.7496537044058,-0.2237379534066
4.954501908048,-0.7507427483601,-0.2213893585867,-0.7507427483601,-0.2213893585867
5.011872336273,-0.7518087065063,-0.2190607218916,-0.7518087065063,-0.2190607218916
5.069907082747,-0.752852030942,-0.2167520338024,-0.752852030942,-0.2167520338024
5.128613839914,-0.7538731665657,-0.2144632783347,-0.7538731665657,-0.2144632783347
5.18800038929,-0.7548725511147,-0.2121944332903,-0.7548725511147,-0.2121944332903
5.248074602498,-0.7558506152075,-0.2099454705032,-0.7558506152075,-0.2099454705032
5.30884444231,-0.7568077823894,-0.207716356078,-0.7568077823894,-0.207716356078
5.370317963703,-0.7577444691822,-0.2055070506232,-0.7577444691822,-0.2055070506232
5.432503314924,-0.758661085136,-0.2033175094766,-0.758661085136,-0.2033175094766
5.495408738576,-0.7595580328856,-0.2011476829257,-0.7595580328856,-0.2011476829257
5.559042572704,-0.7604357082077,-0.1989975164216,-0.7604357082077,-0.1989975164216
5.623413251904,-0.7612945000825,-0.1968669507862,-0.7612945000825,-0.1968669507862
5.688529308438,-0.7621347907567,-0.1947559224142,-0.7621347907567,-0.1947559224142
5.754399373372,-0.7629569558084,-0.1926643634695,-0.7629569558084,-0.1926643634695
5.821032177709,-0.7637613642149,-0.1905922020747,-0.7637613642149,-0.1905922020747
5.888436553556,-0.7645483784218,-0.1885393624962,-0.7645483784218,-0.1885393624962
5.95662143529,-0.7653183544136,-0.1865057653231,-0.7653183544136,-0.1865057653231
6.025595860744,-0.7660716417862,-0.1844913276412,-0.7660716417862,-0.1844913276412
6.095368972402,-0.7668085838204,-0.1824959632011,-0.7668085838204,-0.1824959632011
6.165950018615,-0.7675295175569,-0.1805195825817,-0.7675295175569,-0.1805195825817
6.237348354824,-0.7682347738723,-0.1785620933484,-0.7682347738723,-0.1785620933484
6.309573444802,-0.7689246775558,-0.1766234002064,-0.7689246775558,-0.1766234002064
6.382634861906,-0.769599547387,-0.1747034051492,-0.769599547387,-0.1747034051492
6.456542290347,-0.7702596962143,-0.1728020076022,-0.7702596962143,-0.1728020076022
6.531305526475,-0.770905431034,-0.1709191045621,-0.770905431034,-0.1709191045621
6.606934480076,-0.7715370530696,-0.1690545907312,-0.7715370530696,-0.1690545907312
6.683439175686,-0.7721548578519,-0.167208358648,-0.7721548578519,-0.167208358648
6.76082975392,-0.7727591352991,-0.1653802988129,-0.7727591352991,-0.1653802988129
6.839116472814,-0.7733501697971,-0.1635702998102,-0.7733501697971,-0.1635702998102
6.918309709189,-0.77392824028,-0.1617782484256,-0.77392824028,-0.1617782484256
6.998419960023,-0.7744936203109,-0.16000402976,-0.7744936203109,-0.16000402976
7.079457843841,-0.775046578162,-0.1582475273395,-0.775046578162,-0.1582475273395
7.161434102129,-0.7755873768956,-0.1565086232213,-0.7755873768956,-0.1565086232213
7.24435960075,-0.7761162744438,-0.1547871980964,-0.7761162744438,-0.1547871980964
7.328245331389,-0.7766335236887,-0.153083131388,-0.7766335236887,-0.153083131388
7.413102413009,-0.7771393725424,-0.1513963013476,-0.7771393725424,-0.1513963013476
7.498942093325,-0.7776340640259,-0.1497265851461,-0.7776340640259,-0.1497265851461
7.585775750292,-0.7781178363486,-0.1480738589633,-0.7781178363486,-0.1480738589633
7.673614893618,-0.7785909229865,-0.1464379980729,-0.7785909229865,-0.1464379980729
7.762471166287,-0.7790535527604,-0.1448188769253,-0.7790535527604,-0.1448188769253
7.852356346101,-0.7795059499134,-0.1432163692265,-0.7795059499134,-0.1432163692265
7.943282347243,-0.7799483341879,-0.141630348015,-0.7799483341879,-0.141630348015
8.035261221856,-0.7803809209022,-0.1400606857351,-0.7803809209022,-0.1400606857351
8.128305161641,-0.7808039210256,-0.1385072543078,-0.7808039210256,-0.1385072543078
8.222426499471,-0.7812175412541,-0.136969925199,-0.7812175412541,-0.136969925199
8.317637711027,-0.7816219840847,-0.135448569485,-0.7816219840847,-0.135448569485
8.413951416452,-0.7820174478885,-0.1339430579152,-0.7820174478885,-0.1339430579152
8.511380382024,-0.7824041269844,-0.1324532609733,-0.7824041269844,-0.1324532609733
8.609937521846,-0.7827822117106,-0.1309790489345,-0.7827822117106,-0.1309790489345
8.709635899561,-0.7831518884964,-0.1295202919223,-0.7831518884964,-0.1295202919223
8.81048873008,-0.7835133399323,-0.1280768599613,-0.7835133399323,-0.1280768599613
8.912509381338,-0.7838667448404,-0.1266486230292,-0.7838667448404,-0.1266486230292
9.01571137606,-0.7842122783425,-0.1252354511058,-0.7842122783425,-0.1252354511058
9.120108393559,-0.7845501119289,-0.1238372142201,-0.7845501119289,-0.1238372142201
9.225714271548,-0.784880413525,-0.1224537824962,-0.784880413525,-0.1224537824962
9.33254300797,-0.7852033475582,-0.1210850261961,-0.7852033475582,-0.1210850261961
9.440608762859,-0.7855190750229,-0.1197308157614,-0.7855190750229,-0.1197308157614
9.549925860214,-0.7858277535452,-0.1183910218531,-0.7858277535452,-0.1183910218531
9.660508789898,-0.7861295374469,-0.1170655153897,-0.7861295374469,-0.1170655153897
9.772372209558,-0.7864245778079,-0.1157541675832,-0.7864245778079,-0.1157541675832
9.88553094657,-0.7867130225283,-0.114456849974,-0.7867130225283,-0.114456849974
10.0,-0.7869950163894,-0.113173434464,-0.7869950163894,-0.113173434464
10.1157945426,-0.787270701114,-0.1119037933481,-0.787270701114,-0.1119037933481
10.23292992281,-0.7875402154253,-0.1106477993445,-0.7875402154253,-0.1106477993445
10.35142166679,-0.7878036951053,-0.1094053256232,-0.7878036951053,-0.1094053256232
10.47128548051,-0.7880612730524,-0.1081762458334,-0.7880612730524,-0.1081762458334
10.59253725177,-0.788313079338,-0.1069604341294,-0.788313079338,-0.1069604341294
10.71519305238,-0.7885592412617,-0.1057577651957,-0.7885592412617,-0.1057577651957
10.83926914021,-0.7887998834065,-0.1045681142698,-0.7887998834065,-0.1045681142698
10.96478196143,-0.7890351276925,-0.103391357165,-0.7890351276925,-0.103391357165
11.09174815262,-0.7892650934299,-0.1022273702916,-0.7892650934299,-0.1022273702916
11.22018454302,-0.7894898973712,-0.1010760306762,-0.7894898973712,-0.1010760306762
11.35010815672,-0.7897096537623,-0.09993721598148,-0.7897096537623,-0.09993721598148
11.48153621497,-0.7899244743929,-0.09881080452348,-0.7899244743929,-0.09881080452348
11.6144861384,-0.7901344686463,-0.09769667528876,-0.7901344686463,-0.09769667528876
11.7489755494,-0.7903397435478,-0.09659470795018,-0.7903397435478,-0.09659470795018
11.88502227437,-0.7905404038124,-0.09550478288199,-0.7905404038124,-0.09550478288199
12.02264434617,-0.7907365518925,-0.09442678117382,-0.7907365518925,-0.09442678117382
12.16186000646,-0.7909282880233,-0.09336058464391,-0.7909282880233,-0.09336058464391
12.30268770812,-0.7911157102685,-0.09230607585154,-0.7911157102685,-0.09230607585154
12.44514611771,-0.791298914565,-0.09126313810852,-0.791298914565,-0.09126313810852
12.58925411794,-0.7914779947663,-0.09023165549004,-0.7914779947663,-0.09023165549004
12.73503081017,-0.7916530426858,-0.08921151284469,-0.7916530426858,-0.08921151284469
12.88249551693,-0.7918241481389,-0.08820259580381,-0.7918241481389,-0.08820259580381
13.03166778452,-0.7919913989841,-0.08720479079009,-0.7919913989841,-0.08720479079009
13.18256738556,-0.7921548811643,-0.08621798502557,-0.7921548811643,-0.08621798502557
13.33521432163,-0.7923146787459,-0.08524206653896,-0.7923146787459,-0.08524206653896
13.48962882592,-0.7924708739586,-0.08427692417237,-0.7924708739586,-0.08427692417237
13.64583136589,-0.7926235472334,-0.08332244758735,-0.7926235472334,-0.08332244758735
13.80384264603,-0.7927727772406,-0.08237852727055,-0.7927727772406,-0.08237852727055
13.96368361056,-0.7929186409264,-0.08144505453864,-0.7929186409264,-0.08144505453864
14.12537544623,-0.7930612135497,-0.0805219215428,-0.7930612135497,-0.0805219215428
14.28893958511,-0.793200568717,-0.0796090212727,-0.793200568717,-0.0796090212727
14.45439770746,-0.7933367784178,-0.07870624755998,-0.7933367784178,-0.07870624755998
14.62177174457,-0.7934699130589,-0.07781349508127,-0.7934699130589,-0.07781349508127
14.79108388168,-0.7936000414974,-0.07693065936071,-0.7936000414974,-0.07693065936071
14.96235656094,-0.7937272310741,-0.07605763677218,-0.7937272310741,-0.07605763677218
15.13561248436,-0.7938515476454,-0.07519432454093,-0.7938515476454,-0.07519432454093
15.31087461682,-0.7939730556154,-0.07434062074499,-0.7939730556154,-0.07434062074499
15.48816618913,-0.7940918179663,-0.07349642431607,-0.7940918179663,-0.07349642431607
15.66751070108,-0.7942078962892,-0.07266163504019,-0.7942078962892,-0.07266163504019
15.84893192461,-0.7943213508137,-0.07183615355791,-0.7943213508137,-0.07183615355791
16.0324539069,-0.7944322404372,-0.07101988136422,-0.7944322404372,-0.07101988136422
16.21810097359,-0.7945406227534,-0.07021272080818,-0.7945406227534,-0.07021272080818
16.405897732,-0.7946465540804,-0.06941457509219,-0.7946465540804,-0.06941457509219
16.59586907438,-0.794750089488,-0.06862534827098,-0.794750089488,-0.06862534827098
16.78804018123,-0.794851282825,-0.06784494525036,-0.794851282825,-0.06784494525036
16.98243652462,-0.7949501867449,-0.06707327178564,-0.7949501867449,-0.06707327178564
17.17908387158,-0.7950468527324,-0.06631023447987,-0.7950468527324,-0.06631023447987
17.37800828749,-0.7951413311284,-0.0655557407818,-0.7951413311284,-0.0655557407818
17.57923613959,-0.7952336711547,-0.06480969898359,-0.7952336711547,-0.06480969898359
17.78279410039,-0.7953239209383,-0.06407201821836,-0.7953239209383,-0.06407201821836
17.98870915129,-0.7954121275354,-0.06334260845745,-0.7954121275354,-0.06334260845745
18.1970085861,-0.7954983369543,-0.06262138050757,-0.7954983369543,-0.06262138050757
18.40772001469,-0.7955825941787,-0.06190824600768,-0.7955825941787,-0.06190824600768
18.62087136663,-0.7956649431896,-0.06120311742577,-0.7956649431896,-0.06120311742577
18.8364908949,-0.7957454269871,-0.06050590805539,-0.7957454269871,-0.06050590805539
19.05460717963,-0.7958240876124,-0.05981653201207,-0.7958240876124,-0.05981653201207
19.27524913191,-0.7959009661682,-0.05913490422956,-0.7959009661682,-0.05913490422956
19.49844599758,-0.7959761028394,-0.05846094045596,-0.7959761028394,-0.05846094045596
19.72422736115,-0.7960495369132,-0.05779455724966,-0.7960495369132,-0.05779455724966
19.95262314969,-0.7961213067987,-0.05713567197521,-0.7961213067987,-0.05713567197521
20.18366363682,-0.7961914500465,-0.05648420279899,-0.7961914500465,-0.05648420279899
20.4173794467,-0.796260003367,-0.05584006868486,-0.796260003367,-0.05584006868486
20.65380155811,-0.7963270026493,-0.05520318938961,-0.7963270026493,-0.05520318938961
20.89296130854,-0.7963924829791,-0.05457348545837,-0.7963924829791,-0.05457348545837
21.13489039837,-0.7964564786562,-0.0539508782199,-0.7964564786562,-0.0539508782199
21.37962089502,-0.7965190232124,-0.05333528978178,-0.7965190232124,-0.05333528978178
21.62718523727,-0.7965801494276,-0.05272664302552,-0.7965801494276,-0.05272664302552
21.8776162395,-0.796639889347,-0.05212486160162,-0.796639889347,-0.05212486160162
22.13094709606,-0.7966982742972,-0.05152986992453,-0.7966982742972,-0.05152986992453
22.38721138568,-0.7967553349018,-0.05094159316752,-0.7967553349018,-0.05094159316752
22.64644307593,-0.7968111010975,-0.05035995725752,-0.7968111010975,-0.05035995725752
22.90867652768,-0.7968656021485,-0.0497848888699,-0.7968656021485,-0.0497848888699
23.17394649969,-0.7969188666622,-0.04921631542321,-0.7969188666622,-0.04921631542321
23.4422881532,-0.7969709226032,-0.0486541650738,-0.7969709226032,-0.0486541650738
23.71373705662,-0.7970217973077,-0.04809836671045,-0.7970217973077,-0.04809836671045
23.9883291902,-0.7970715174977,-0.04754884994899,-0.7970715174977,-0.04754884994899
24.26610095082,-0.797120109294,-0.04700554512681,-0.797120109294,-0.04700554512681
24.54708915685,-0.7971675982304,-0.04646838329735,-0.7971675982304,-0.04646838329735
24.83133105296,-0.7972140092659,-0.04593729622464,-0.7972140092659,-0.04593729622464
25.1188643151,-0.7972593667982,-0.04541221637767,-0.7972593667982,-0.04541221637767
25.40972705549,-0.7973036946755,-0.04489307692489,-0.7973036946755,-0.04489307692489
25.70395782769,-0.7973470162094,-0.04437981172856,-0.7973470162094,-0.04437981172856
26.00159563165,-0.7973893541864,-0.04387235533918,-0.7973893541864,-0.04387235533918
26.30267991895,-0.7974307308797,-0.04337064298984,-0.7974307308797,-0.04337064298984
26.60725059799,-0.7974711680608,-0.04287461059057,-0.7974711680608,-0.04287461059057
26.91534803927,-0.7975106870103,-0.04238419472273,-0.7975106870103,-0.04238419472273
27.22701308078,-0.7975493085294,-0.04189933263333,-0.7975493085294,-0.04189933263333
27.54228703338,-0.7975870529502,-0.04141996222937,-0.7975870529502,-0.04141996222937
27.8612116863,-0.7976239401462,-0.04094602207221,-0.7976239401462,-0.04094602207221
28.18382931265,-0.7976599895428,-0.04047745137184,-0.7976599895428,-0.04047745137184
28.51018267504,-0.797695220127,-0.04001418998132,-0.797695220127,-0.04001418998132
28.84031503127,-0.7977296504574,-0.03955617839105,-0.7977296504574,-0.03955617839105
29.17427014001,-0.7977632986738,-0.03910335772315,-0.7977632986738,-0.03910335772315
29.51209226666,-0.7977961825065,-0.03865566972582,-0.7977961825065,-0.03865566972582
29.85382618918,-0.7978283192853,-0.03821305676772,-0.7978283192853,-0.03821305676772
30.19951720402,-0.797859725949,-0.03777546183235,-0.797859725949,-0.03777546183235
30.54921113216,-0.7978904190534,-0.03734282851243,-0.7978904190534,-0.03734282851243
30.90295432514,-0.7979204147805,-0.03691510100434,-0.7979204147805,-0.03691510100434
31.26079367124,-0.7979497289468,-0.03649222410252,-0.7979497289468,-0.03649222410252
31.62277660168,-0.7979783770111,-0.03607414319394,-0.7979783770111,-0.03607414319394
31.98895109691,-0.7980063740829,-0.03566080425256,-0.7980063740829,-0.03566080425256
32.35936569296,-0.7980337349302,-0.03525215383379,-0.7980337349302,-0.03525215383379
32.73406948788,-0.798060473987,-0.03484813906904,-0.798060473987,-0.03484813906904
33.11311214826,-0.798086605361,-0.03444870766022,-0.798086605361,-0.03444870766022
33.49654391578,-0.7981121428408,-0.0340538078743,-0.7981121428408,-0.0340538078743
33.88441561392,-0.798137099903,-0.0336633885379,-0.798137099903,-0.0336633885379
34.27677865465,-0.7981614897195,-0.03327739903186,-0.7981614897195,-0.03327739903186
34.67368504525,-0.798185325164,-0.03289578928593,-0.798185325164,-0.03289578928593
35.07518739526,-0.798208618819,-0.03251850977336,-0.798208618819,-0.03251850977336
35.48133892336,-0.7982313829822,-0.03214551150565,-0.7982313829822,-0.03214551150565
35.8921934645,-0.7982536296728,-0.03177674602722,-0.7982536296728,-0.03177674602722
36.30780547701,-0.7982753706381,-0.03141216541017,-0.7982753706381,-0.03141216541017
36.72823004981,-0.7982966173593,-0.03105172224908,-0.7982966173593,-0.03105172224908
37.15352290972,-0.7983173810577,-0.03069536965576,-0.7983173810577,-0.03069536965576
37.58374042885,-0.7983376727004,-0.03034306125416,-0.7983376727004,-0.03034306125416
38.01893963206,-0.7983575030061,-0.02999475117518,-0.7983575030061,-0.02999475117518
38.45917820454,-0.7983768824508,-0.02965039405163,-0.7983768824508,-0.02965039405163
38.90451449943,-0.7983958212731,-0.02930994501311,-0.7983958212731,-0.02930994501311
39.35500754558,-0.7984143294796,-0.02897335968102,-0.7984143294796,-0.02897335968102
39.81071705535,-0.7984324168502,-0.02864059416355,-0.7984324168502,-0.02864059416355
40.27170343255,-0.798450092943,-0.02831160505075,-0.798450092943,-0.02831160505075
40.73802778041,-0.7984673670999,-0.02798634940954,-0.7984673670999,-0.02798634940954
41.20975190973,-0.7984842484506,-0.02766478477888,-0.7984842484506,-0.02766478477888
41.68693834703,-0.798500745918,-0.0273468691649,-0.798500745918,-0.0273468691649
42.16965034286,-0.7985168682229,-0.02703256103607,-0.7985168682229,-0.02703256103607
42.65795188016,-0.798532623888,-0.02672181931841,-0.798532623888,-0.02672181931841
43.15190768278,-0.7985480212431,-0.02641460339079,-0.7985480212431,-0.02641460339079
43.65158322402,-0.7985630684289,-0.02611087308014,-0.7985630684289,-0.02611087308014
44.15704473533,-0.7985777734015,-0.02581058865687,-0.7985777734015,-0.02581058865687
44.6683592151,-0.7985921439366,-0.02551371083016,-0.7985921439366,-0.02551371083016
45.18559443749,-0.7986061876335,-0.02522020074338,-0.7986061876335,-0.02522020074338
45.70881896149,-0.7986199119192,-0.02493001996957,-0.7986199119192,-0.02493001996957
46.23810213993,-0.798633324052,-0.02464313050683,-0.798633324052,-0.02464313050683
46.77351412872,-0.7986464311257,-0.02435949477392,-0.7986464311257,-0.02435949477392
47.31512589615,-0.7986592400732,-0.02407907560574,-0.7986592400732,-0.02407907560574
47.86300923226,-0.7986717576698,-0.02380183624897,-0.7986717576698,-0.02380183624897
48.41723675841,-0.7986839905372,-0.02352774035763,-0.7986839905372,-0.02352774035763
48.97788193685,-0.798695945147,-0.02325675198882,-0.798695945147,-0.02325675198882
49.54501908048,-0.7987076278237,-0.02298883559834,-0.7987076278237,-0.02298883559834
50.11872336273,-0.7987190447482,-0.02272395603647,-0.7987190447482,-0.02272395603647
50.69907082747,-0.7987302019613,-0.02246207854375,-0.7987302019613,-0.02246207854375
51.28613839914,-0.7987411053665,-0.02220316874673,-0.7987411053665,-0.02220316874673
51.8800038929,-0.7987517607333,-0.0219471926539,-0.7987517607333,-0.0219471926539
52.48074602498,-0.7987621737004,-0.02169411665151,-0.7987621737004,-0.02169411665151
53.0884444231,-0.7987723497781,-0.02144390749949,-0.7987723497781,-0.02144390749949
53.70317963703,-0.798782294352,-0.02119653232747,-0.798782294352,-0.02119653232747
54.32503314924,-0.7987920126851,-0.02095195863068,-0.7987920126851,-0.02095195863068
54.95408738576,-0.7988015099209,-0.02071015426608,-0.7988015099209,-0.02071015426608
55.59042572704,-0.7988107910863,-0.02047108744834,-0.7988107910863,-0.02047108744834
56.23413251904,-0.7988198610938,-0.020234726746,-0.7988198610938,-0.020234726746
56.88529308439,-0.7988287247445,-0.02000104107758,-0.7988287247445,-0.02000104107758
57.54399373372,-0.7988373867303,-0.01976999970777,-0.7988373867303,-0.01976999970777
58.21032177709,-0.7988458516366,-0.01954157224363,-0.7988458516366,-0.01954157224363
58.88436553556,-0.7988541239446,-0.01931572863085,-0.7988541239446,-0.01931572863085
59.5662143529,-0.7988622080338,-0.01909243915001,-0.7988622080338,-0.01909243915001
60.25595860744,-0.798870108184,-0.01887167441293,-0.798870108184,-0.01887167441293
60.95368972402,-0.7988778285779,-0.018653405359,-0.7988778285779,-0.018653405359
61.65950018615,-0.7988853733031,-0.01843760325157,-0.7988853733031,-0.01843760325157
62.37348354824,-0.7988927463546,-0.01822423967438,-0.7988927463546,-0.01822423967438
63.09573444802,-0.7988999516361,-0.01801328652801,-0.7988999516361,-0.01801328652801
63.82634861906,-0.798906992963,-0.01780471602639,-0.798906992963,-0.01780471602639
64.56542290347,-0.7989138740639,-0.01759850069328,-0.7989138740639,-0.01759850069328
65.31305526475,-0.7989205985825,-0.0173946133589,-0.7989205985825,-0.0173946133589
66.06934480076,-0.79892717008,-0.01719302715646,-0.79892717008,-0.01719302715646
66.83439175686,-0.7989335920363,-0.01699371551882,-0.7989335920363,-0.01699371551882
67.6082975392,-0.7989398678525,-0.01679665217514,-0.7989398678525,-0.01679665217514
68.39116472814,-0.7989460008523,-0.0166018111476,-0.7989460008523,-0.0166018111476
69.1830970919,-0.7989519942838,-0.01640916674806,-0.7989519942838,-0.01640916674806
69.98419960023,-0.7989578513212,-0.01621869357491,-0.7989578513212,-0.01621869357491
70.79457843842,-0.7989635750668,-0.01603036650979,-0.7989635750668,-0.01603036650979
71.61434102129,-0.7989691685521,-0.01584416071443,-0.7989691685521,-0.01584416071443
72.4435960075,-0.7989746347397,-0.01566005162754,-0.7989746347397,-0.01566005162754
73.28245331389,-0.7989799765252,-0.01547801496165,-0.7989799765252,-0.01547801496165
74.13102413009,-0.7989851967378,-0.01529802670007,-0.7989851967378,-0.01529802670007
74.98942093325,-0.7989902981429,-0.0151200630938,-0.7989902981429,-0.0151200630938
75.85775750292,-0.7989952834427,-0.01494410065855,-0.7989952834427,-0.01494410065855
76.73614893618,-0.799000155278,-0.01477011617174,-0.799000155278,-0.01477011617174
77.62471166287,-0.7990049162297,-0.0145980866695,-0.7990049162297,-0.0145980866695
78.52356346101,-0.7990095688198,-0.01442798944382,-0.7990095688198,-0.01442798944382
79.43282347243,-0.7990141155131,-0.01425980203959,-0.7990141155131,-0.01425980203959
80.35261221856,-0.7990185587184,-0.01409350225176,-0.7990185587184,-0.01409350225176
81.28305161641,-0.7990229007895,-0.01392906812248,-0.7990229007895,-0.01392906812248
82.22426499471,-0.7990271440268,-0.01376647793833,-0.7990271440268,-0.01376647793833
83.17637711027,-0.7990312906784,-0.01360571022751,-0.7990312906784,-0.01360571022751
84.13951416452,-0.7990353429412,-0.01344674375707,-0.7990353429412,-0.01344674375707
85.11380382024,-0.7990393029622,-0.01328955753025,-0.7990393029622,-0.01328955753025
86.09937521846,-0.7990431728394,-0.01313413078371,-0.7990431728394,-0.01313413078371
87.09635899561,-0.7990469546234,-0.01298044298492,-0.7990469546234,-0.01298044298492
88.1048873008,-0.7990506503179,-0.01282847382949,-0.7990506503179,-0.01282847382949
89.12509381338,-0.7990542618809,-0.01267820323858,-0.7990542618809,-0.01267820323858
90.1571137606,-0.7990577912262,-0.0125296113563,-0.7990577912262,-0.0125296113563
91.20108393559,-0.7990612402239,-0.01238267854715,-0.7990612402239,-0.01238267854715
92.25714271548,-0.7990646107015,-0.0122373853935,-0.7990646107015,-0.0122373853935
93.3254300797,-0.7990679044449,-0.01209371269308,-0.7990679044449,-0.01209371269308
94.40608762859,-0.7990711231995,-0.01195164145649,-0.7990711231995,-0.01195164145649
95.49925860215,-0.7990742686709,-0.0118111529048,-0.7990742686709,-0.0118111529048
96.60508789898,-0.7990773425259,-0.01167222846703,-0.7990773425259,-0.01167222846703
97.72372209558,-0.7990803463934,-0.01153484977785,-0.7990803463934,-0.01153484977785
98.8553094657,-0.7990832818652,-0.01139899867512,-0.7990832818652,-0.01139899867512
100.0,-0.7990861504968,-0.01126465719759,-0.7990861504968,-0.01126465719759
101.157945426,-0.7990889538086,-0.01113180758258,-0.7990889538086,-0.01113180758258
102.3292992281,-0.7990916932859,-0.01100043226362,-0.7990916932859,-0.01100043226362
103.5142166679,-0.7990943703807,-0.01087051386824,-0.7990943703807,-0.01087051386824
104.7128548051,-0.7990969865116,-0.01074203521566,-0.7990969865116,-0.01074203521566
105.9253725177,-0.7990995430652,-0.01061497931461,-0.7990995430652,-0.01061497931461
107.1519305238,-0.7991020413962,-0.01048932936109,-0.7991020413962,-0.01048932936109
108.3926914021,-0.7991044828287,-0.01036506873619,-0.7991044828287,-0.01036506873619
109.6478196143,-0.7991068686566,-0.01024218100395,-0.7991068686566,-0.01024218100395
110.9174815262,-0.7991092001444,-0.01012064990921,-0.7991092001444,-0.01012064990921
112.2018454302,-0.7991114785277,-0.01000045937547,-0.7991114785277,-0.01000045937547
113.5010815672,-0.799113705014,-0.009881593502854,-0.799113705014,-0.009881593502854
114.8153621497,-0.7991158807834,-0.009764036565991,-0.7991158807834,-0.009764036565991
116.144861384,-0.799118006989,-0.009647773011989,-0.799118006989,-0.009647773011989
117.489755494,-0.7991200847577,-0.009532787458401,-0.7991200847577,-0.009532787458401
118.8502227437,-0.7991221151908,-0.009419064691222,-0.7991221151908,-0.009419064691222
120.2264434617,-0.7991240993644,-0.009306589662906,-0.7991240993644,-0.009306589662906
121.6186000646,-0.7991260383302,-0.009195347490399,-0.7991260383302,-0.009195347490399
123.0268770812,-0.7991279331158,-0.009085323453201,-0.7991279331158,-0.009085323453201
124.4514611771,-0.7991297847256,-0.008976502991442,-0.7991297847256,-0.008976502991442
125.8925411794,-0.7991315941409,-0.008868871703978,-0.7991315941409,-0.008868871703978
127.3503081017,-0.7991333623209,-0.008762415346514,-0.7991333623209,-0.008762415346514
128.8249551693,-0.7991350902028,-0.00865711982974,-0.7991350902028,-0.00865711982974
130.3166778452,-0.7991367787023,-0.008552971217486,-0.7991367787023,-0.008552971217486
131.8256738556,-0.7991384287145,-0.008449955724908,-0.7991384287145,-0.008449955724908
133.3521432163,-0.7991400411139,-0.008348059716673,-0.7991400411139,-0.008348059716673
134.8962882592,-0.7991416167553,-0.008247269705185,-0.7991416167553,-0.008247269705185
136.4583136589,-0.7991431564738,-0.008147572348814,-0.7991431564738,-0.008147572348814
138.0384264603,-0.7991446610856,-0.008048954450148,-0.7991446610856,-0.008048954450148
139.6368361056,-0.7991461313882,-0.007951402954268,-0.7991461313882,-0.007951402954268
141.2537544623,-0.7991475681609,-0.007854904947038,-0.7991475681609,-0.007854904947038
142.8893958511,-0.7991489721654,-0.007759447653408,-0.7991489721654,-0.007759447653408
144.5439770746,-0.7991503441459,-0.007665018435742,-0.7991503441459,-0.007665018435742
146.2177174457,-0.7991516848297,-0.007571604792164,-0.7991516848297,-0.007571604792164
147.9108388168,-0.7991529949273,-0.007479194354911,-0.7991529949273,-0.007479194354911
149.6235656094,-0.7991542751334,-0.007387774888717,-0.7991542751334,-0.007387774888717
151.3561248436,-0.7991555261264,-0.007297334289206,-0.7991555261264,-0.007297334289206
153.1087461682,-0.7991567485696,-0.007207860581302,-0.7991567485696,-0.007207860581302
154.8816618913,-0.799157943111,-0.007119341917656,-0.799157943111,-0.007119341917656
156.6751070108,-0.7991591103837,-0.007031766577093,-0.7991591103837,-0.007031766577093
158.4893192461,-0.7991602510066,-0.006945122963073,-0.7991602510066,-0.006945122963073
160.324539069,-0.7991613655843,-0.006859399602162,-0.7991613655843,-0.006859399602162
162.1810097359,-0.7991624547076,-0.006774585142531,-0.7991624547076,-0.006774585142531
164.05897732,-0.7991635189539,-0.006690668352462,-0.7991635189539,-0.006690668352462
165.9586907438,-0.7991645588874,-0.006607638118868,-0.7991645588874,-0.006607638118868
167.8804018123,-0.7991655750593,-0.006525483445838,-0.7991655750593,-0.006525483445838
169.8243652462,-0.7991665680083,-0.006444193453186,-0.7991665680083,-0.006444193453186
171.7908387158,-0.7991675382608,-0.006363757375023,-0.7991675382608,-0.006363757375023
173.7800828749,-0.7991684863312,-0.006284164558338,-0.7991684863312,-0.006284164558338
175.7923613959,-0.799169412722,-0.006205404461601,-0.799169412722,-0.006205404461601
177.8279410039,-0.7991703179244,-0.006127466653369,-0.7991703179244,-0.006127466653369
179.8870915129,-0.7991712024181,-0.00605034081092,-0.7991712024181,-0.00605034081092
181.970085861,-0.7991720666722,-0.005974016718888,-0.7991720666722,-0.005974016718888
184.0772001469,-0.7991729111447,-0.005898484267922,-0.7991729111447,-0.005898484267922
186.2087136663,-0.7991737362834,-0.005823733453356,-0.7991737362834,-0.005823733453356
188.364908949,-0.7991745425257,-0.005749754373884,-0.7991745425257,-0.005749754373884
190.5460717963,-0.799175330299,-0.005676537230266,-0.799175330299,-0.005676537230266
192.7524913191,-0.7991761000209,-0.005604072324027,-0.7991761000209,-0.005604072324027
194.9844599758,-0.7991768520995,-0.005532350056187,-0.7991768520995,-0.005532350056187
197.2422736115,-0.7991775869335,-0.005461360925991,-0.7991775869335,-0.005461360925991
199.5262314969,-0.7991783049124,-0.005391095529659,-0.7991783049124,-0.005391095529659
201.8366363682,-0.7991790064169,-0.005321544559147,-0.7991790064169,-0.005321544559147
204.173794467,-0.799179691819,-0.005252698800917,-0.799179691819,-0.005252698800917
206.5380155811,-0.7991803614818,-0.005184549134726,-0.7991803614818,-0.005184549134726
208.9296130854,-0.7991810157606,-0.005117086532419,-0.7991810157606,-0.005117086532419
211.3489039837,-0.7991816550021,-0.005050302056742,-0.7991816550021,-0.005050302056742
213.7962089502,-0.7991822795452,-0.004984186860163,-0.7991822795452,-0.004984186860163
216.2718523727,-0.799182889721,-0.0049187321837,-0.799182889721,-0.0049187321837
218.776162395,-0.7991834858531,-0.004853929355773,-0.7991834858531,-0.004853929355773
221.3094709606,-0.7991840682574,-0.004789769791054,-0.7991840682574,-0.004789769791054
223.8721138568,-0.7991846372427,-0.004726244989334,-0.7991846372427,-0.004726244989334
226.4644307593,-0.7991851931108,-0.004663346534406,-0.7991851931108,-0.004663346534406
229.0867652768,-0.7991857361562,-0.00460106609295,-0.7991857361562,-0.00460106609295
231.7394649969,-0.7991862666668,-0.004539395413434,-0.7991862666668,-0.004539395413434
234.422881532,-0.7991867849241,-0.004478326325024,-0.7991867849241,-0.004478326325024
237.1373705662,-0.7991872912026,-0.004417850736507,-0.7991872912026,-0.004417850736507
239.883291902,-0.7991877857708,-0.004357960635223,-0.7991877857708,-0.004357960635223
242.6610095082,-0.7991882688909,-0.004298648086001,-0.7991882688909,-0.004298648086001
245.4708915685,-0.799188740819,-0.004239905230121,-0.799188740819,-0.004239905230121
248.3133105296,-0.7991892018054,-0.004181724284266,-0.7991892018054,-0.004181724284266
251.188643151,-0.7991896520945,-0.0041240975395,-0.7991896520945,-0.0041240975395
254.0972705549,-0.7991900919248,-0.004067017360249,-0.7991900919248,-0.004067017360249
257.0395782769,-0.7991905215298,-0.004010476183289,-0.7991905215298,-0.004010476183289
260.0159563165,-0.7991909411371,-0.003954466516752,-0.7991909411371,-0.003954466516752
263.0267991895,-0.7991913509691,-0.00389898093913,-0.7991913509691,-0.00389898093913
266.0725059799,-0.7991917512432,-0.0038440120983,-0.7991917512432,-0.0038440120983
269.1534803927,-0.7991921421716,-0.003789552710547,-0.7991921421716,-0.003789552710547
272.2701308078,-0.7991925239616,-0.003735595559606,-0.7991925239616,-0.003735595559606
275.4228703338,-0.7991928968154,-0.003682133495705,-0.7991928968154,-0.003682133495705
278.612116863,-0.7991932609309,-0.003629159434623,-0.7991932609309,-0.003629159434623
281.8382931265,-0.7991936165011,-0.003576666356749,-0.7991936165011,-0.003576666356749
285.1018267504,-0.7991939637145,-0.003524647306159,-0.7991939637145,-0.003524647306159
288.4031503127,-0.7991943027552,-0.003473095389694,-0.7991943027552,-0.003473095389694
291.7427014001,-0.7991946338028,-0.003422003776046,-0.7991946338028,-0.003422003776046
295.1209226666,-0.7991949570331,-0.003371365694861,-0.7991949570331,-0.003371365694861
298.5382618918,-0.7991952726172,-0.003321174435836,-0.7991952726172,-0.003321174435836
301.9951720402,-0.7991955807226,-0.00327142334784,-0.7991955807226,-0.00327142334784
305.4921113216,-0.7991958815125,-0.003222105838027,-0.7991958815125,-0.003222105838027
309.0295432514,-0.7991961751465,-0.003173215370969,-0.7991961751465,-0.003173215370969
312.6079367124,-0.7991964617803,-0.003124745467787,-0.7991964617803,-0.003124745467787
316.2277660168,-0.7991967415657,-0.003076689705301,-0.7991967415657,-0.003076689705301
319.8895109692,-0.7991970146512,-0.003029041715171,-0.7991970146512,-0.003029041715171
323.5936569296,-0.7991972811815,-0.002981795183064,-0.7991972811815,-0.002981795183064
327.3406948788,-0.799197541298,-0.002934943847812,-0.799197541298,-0.002934943847812
331.1311214826,-0.7991977951385,-0.002888481500586,-0.7991977951385,-0.002888481500586
334.9654391578,-0.7991980428376,-0.002842401984076,-0.7991980428376,-0.002842401984076
338.8441561392,-0.7991982845267,-0.002796699191672,-0.7991982845267,-0.002796699191672
342.7677865465,-0.7991985203339,-0.002751367066662,-0.7991985203339,-0.002751367066662
346.7368504525,-0.7991987503843,-0.002706399601425,-0.7991987503843,-0.002706399601425
350.7518739526,-0.7991989747997,-0.002661790836639,-0.7991989747997,-0.002661790836639
354.8133892336,-0.7991991936992,-0.002617534860492,-0.7991991936992,-0.002617534860492
358.921934645,-0.7991994071988,-0.0025736258079,-0.7991994071988,-0.0025736258079
363.0780547701,-0.7991996154117,-0.002530057859728,-0.7991996154117,-0.002530057859728
367.2823004981,-0.7991998184484,-0.002486825242024,-0.7991998184484,-0.002486825242024
371.5352290972,-0.7992000164164,-0.002443922225251,-0.7992000164164,-0.002443922225251
375.8374042885,-0.7992002094208,-0.002401343123532,-0.7992002094208,-0.002401343123532
380.1893963206,-0.7992003975638,-0.002359082293894,-0.7992003975638,-0.002359082293894
384.5917820454,-0.7992005809453,-0.002317134135526,-0.7992005809453,-0.002317134135526
389.0451449943,-0.7992007596624,-0.002275493089029,-0.7992007596624,-0.002275493089029
393.5500754558,-0.7992009338099,-0.002234153635691,-0.7992009338099,-0.002234153635691
398.1071705535,-0.7992011034801,-0.002193110296748,-0.7992011034801,-0.002193110296748
402.7170343255,-0.799201268763,-0.00215235763266,-0.799201268763,-0.00215235763266
407.3802778041,-0.7992014297462,-0.002111890242396,-0.7992014297462,-0.002111890242396
412.0975190973,-0.799201586515,-0.002071702762713,-0.799201586515,-0.002071702762713
416.8693834704,-0.7992017391527,-0.002031789867448,-0.7992017391527,-0.002031789867448
421.6965034286,-0.7992018877401,-0.001992146266814,-0.7992018877401,-0.001992146266814
426.5795188016,-0.799202032356,-0.001952766706697,-0.799202032356,-0.001952766706697
431.5190768278,-0.799202173077,-0.001913645967964,-0.799202173077,-0.001913645967964
436.5158322402,-0.7992023099778,-0.001874778865768,-0.7992023099778,-0.001874778865768
441.5704473533,-0.799202443131,-0.001836160248863,-0.799202443131,-0.001836160248863
446.683592151,-0.7992025726072,-0.001797784998924,-0.7992025726072,-0.001797784998924
451.8559443749,-0.7992026984749,-0.001759648029866,-0.7992026984749,-0.001759648029866
457.0881896149,-0.7992028208011,-0.001721744287171,-0.7992028208011,-0.001721744287171
462.3810213993,-0.7992029396504,-0.00168406874722,-0.7992029396504,-0.00168406874722
467.7351412872,-0.7992030550859,-0.001646616416626,-0.7992030550859,-0.001646616416626
473.1512589615,-0.7992031671688,-0.001609382331577,-0.7992031671688,-0.001609382331577
478.6300923227,-0.7992032759586,-0.00157236155717,-0.7992032759586,-0.00157236155717
484.1723675841,-0.799203381513,-0.001535549186768,-0.799203381513,-0.001535549186768
489.7788193685,-0.7992034838878,-0.001498940341341,-0.7992034838878,-0.001498940341341
495.4501908048,-0.7992035831374,-0.001462530168826,-0.7992035831374,-0.001462530168826
501.1872336273,-0.7992036793143,-0.00142631384348,-0.7992036793143,-0.00142631384348
506.9907082747,-0.7992037724697,-0.001390286565244,-0.7992037724697,-0.001390286565244
512.8613839914,-0.7992038626529,-0.001354443559106,-0.7992038626529,-0.001354443559106
518.800038929,-0.7992039499116,-0.001318780074467,-0.7992039499116,-0.001318780074467
524.8074602498,-0.7992040342922,-0.001283291384516,-0.7992040342922,-0.001283291384516
530.884444231,-0.7992041158394,-0.001247972785598,-0.7992041158394,-0.001247972785598
537.0317963703,-0.7992041945964,-0.001212819596597,-0.7992041945964,-0.001212819596597
543.2503314925,-0.799204270605,-0.001177827158309,-0.799204270605,-0.001177827158309
549.5408738576,-0.7992043439055,-0.001142990832833,-0.7992043439055,-0.001142990832833
555.9042572704,-0.7992044145367,-0.00110830600295,-0.7992044145367,-0.00110830600295
562.3413251904,-0.7992044825362,-0.001073768071514,-0.7992044825362,-0.001073768071514
568.8529308439,-0.7992045479399,-0.001039372460843,-0.7992045479399,-0.001039372460843
575.4399373372,-0.7992046107825,-0.001005114612112,-0.7992046107825,-0.001005114612112
582.1032177709,-0.7992046710974,-0.0009709899847495,-0.7992046710974,-0.0009709899847495
588.8436553556,-0.7992047289166,-0.0009369940558354,-0.7992047289166,-0.0009369940558354
595.662143529,-0.7992047842706,-0.0009031223195028,-0.7992047842706,-0.0009031223195028
602.5595860744,-0.7992048371888,-0.0008693702863404,-0.7992048371888,-0.0008693702863404
609.5368972402,-0.7992048876993,-0.0008357334827974,-0.7992048876993,-0.0008357334827974
616.5950018615,-0.799204935829,-0.0008022074505914,-0.799204935829,-0.0008022074505914
623.7348354824,-0.7992049816032,-0.0007687877461178,-0.7992049816032,-0.0007687877461178
630.9573444802,-0.7992050250462,-0.0007354699398606,-0.7992050250462,-0.0007354699398606
638.2634861906,-0.7992050661812,-0.0007022496158059,-0.7992050661812,-0.0007022496158059
645.6542290347,-0.7992051050299,-0.0006691223708567,-0.7992051050299,-0.0006691223708567
653.1305526475,-0.7992051416128,-0.0006360838142495,-0.7992051416128,-0.0006360838142495
660.6934480076,-0.7992051759495,-0.000603129566973,-0.7992051759495,-0.000603129566973
668.3439175686,-0.7992052080581,-0.0005702552611871,-0.7992052080581,-0.0005702552611871
676.082975392,-0.7992052379556,-0.0005374565396448,-0.7992052379556,-0.0005374565396448
683.9116472815,-0.7992052656579,-0.000504729055115,-0.7992052656579,-0.000504729055115
691.830970919,-0.7992052911796,-0.000472068469806,-0.7992052911796,-0.000472068469806
699.8419960023,-0.7992053145344,-0.0004394704547911,-0.7992053145344,-0.0004394704547911
707.9457843842,-0.7992053357345,-0.0004069306894351,-0.7992053357345,-0.0004069306894351
716.1434102129,-0.7992053547913,-0.0003744448608217,-0.7992053547913,-0.0003744448608217
724.435960075,-0.7992053717148,-0.0003420086631821,-0.7992053717148,-0.0003420086631821
732.8245331389,-0.799205386514,-0.0003096177973243,-0.799205386514,-0.0003096177973243
741.3102413009,-0.7992053991968,-0.000277267970064,-0.7992053991968,-0.000277267970064
749.8942093325,-0.7992054097698,-0.0002449548936551,-0.7992054097698,-0.0002449548936551
758.5775750292,-0.7992054182387,-0.0002126742852223,-0.7992054182387,-0.0002126742852223
767.3614893619,-0.7992054246079,-0.0001804218661929,-0.7992054246079,-0.0001804218661929
776.2471166287,-0.799205428881,-0.0001481933617306,-0.799205428881,-0.0001481933617306
785.2356346101,-0.79920543106,-0.0001159845001685,-0.79920543106,-0.0001159845001685
794.3282347243,-0.7992054311462,-8.379101244341e-05,-0.7992054311462,-8.379101244341e-05
803.5261221857,-0.7992054291396,-5.160863153032e-05,-0.7992054291396,-5.160863153032e-05
812.8305161641,-0.7992054250391,-1.943309187686e-05,-0.7992054250391,-1.943309187686e-05
822.2426499471,-0.7992054188426,1.273987116189e-05,-0.7992054188426,1.273987116189e-05
831.7637711027,-0.7992054105469,4.491452188836e-05,-0.7992054105469,4.491452188836e-05
841.3951416452,-0.7992054001474,7.709512482754e-05,-0.7992054001474,7.709512482754e-05
851.1380382024,-0.7992053876386,0.000109285945292,-0.7992053876386,0.000109285945292
860.9937521846,-0.7992053730141,0.000141491249947,-0.7992053730141,0.000141491249947
870.9635899561,-0.7992053562659,0.0001737153073758,-0.7992053562659,0.0001737153073758
881.0488730081,-0.7992053373852,0.0002059623886454,-0.7992053373852,0.0002059623886454
891.2509381338,-0.7992053163621,0.0002382367678719,-0.7992053163621,0.0002382367678719
901.571137606,-0.7992052931852,0.0002705427227877,-0.7992052931852,0.0002705427227877
912.0108393559,-0.7992052678425,0.0003028845353074,-0.7992052678425,0.0003028845353074
922.5714271548,-0.7992052403204,0.0003352664920953,-0.7992052403204,0.0003352664920953
933.254300797,-0.7992052106043,0.000367692885134,-0.7992052106043,0.000367692885134
944.060876286,-0.7992051786785,0.0004001680122921,-0.7992051786785,0.0004001680122921
954.9925860215,-0.799205144526,0.0004326961778942,-0.799205144526,0.0004326961778942
966.0508789899,-0.7992051081288,0.0004652816932912,-0.7992051081288,0.0004652816932912
977.2372209559,-0.7992050694676,0.0004979288774311,-0.7992050694676,0.0004979288774311
988.553094657,-0.7992050285218,0.0005306420574317,-0.7992050285218,0.0005306420574317
1000.0,-0.7992049852697,0.0005634255691532,-0.7992049852697,0.0005634255691532
1011.57945426,-0.7992049396885,0.0005962837577736,-0.7992049396885,0.0005962837577736
1023.292992281,-0.7992048917539,0.0006292209783634,-0.7992048917539,0.0006292209783634
1035.142166679,-0.7992048414405,0.0006622415964632,-0.7992048414405,0.0006622415964632
1047.128548051,-0.7992047887217,0.0006953499886616,-0.7992047887217,0.0006953499886616
1059.253725177,-0.7992047335694,0.0007285505431756,-0.7992047335694,0.0007285505431756
1071.519305238,-0.7992046759546,0.0007618476604311,-0.7992046759546,0.0007618476604311
1083.926914021,-0.7992046158465,0.0007952457536467,-0.7992046158465,0.0007952457536467
1096.478196143,-0.7992045532134,0.0008287492494178,-0.7992045532134,0.0008287492494178
1109.174815262,-0.799204488022,0.0008623625883031,-0.799204488022,0.0008623625883031
1122.018454302,-0.7992044202378,0.0008960902254129,-0.7992044202378,0.0008960902254129
1135.010815672,-0.7992043498248,0.0009299366309995,-0.7992043498248,0.0009299366309995
1148.153621497,-0.7992042767457,0.0009639062910487,-0.7992042767457,0.0009639062910487
1161.44861384,-0.7992042009617,0.0009980037078748,-0.7992042009617,0.0009980037078748
1174.89755494,-0.7992041224328,0.001032233400716,-0.7992041224328,0.001032233400716
1188.502227437,-0.7992040411171,0.001066599906335,-0.7992040411171,0.001066599906335
1202.264434617,-0.7992039569717,0.001101107779617,-0.7992039569717,0.001101107779617
1216.186000646,-0.7992038699519,0.001135761594176,-0.7992038699519,0.001135761594176
1230.268770812,-0.7992037800115,0.001170565942958,-0.7992037800115,0.001170565942958
1244.514611771,-0.799203687103,0.001205525438851,-0.799203687103,0.001205525438851
1258.925411794,-0.7992035911769,0.001240644715295,-0.7992035911769,0.001240644715295
1273.503081017,-0.7992034921826,0.001275928426897,-0.7992034921826,0.001275928426897
1288.249551693,-0.7992033900674,0.001311381250047,-0.7992033900674,0.001311381250047
1303.166778452,-0.7992032847772,0.001347007883536,-0.7992032847772,0.001347007883536
1318.256738556,-0.7992031762563,0.001382813049178,-0.7992031762563,0.001382813049178
1333.521432163,-0.799203064447,0.00141880149244,-0.799203064447,0.00141880149244
1348.962882592,-0.7992029492901,0.001454977983065,-0.7992029492901,0.001454977983065
1364.583136589,-0.7992028307245,0.001491347315705,-0.7992028307245,0.001491347315705
1380.384264603,-0.7992027086875,0.001527914310557,-0.7992027086875,0.001527914310557
1396.368361056,-0.7992025831142,0.001564683814003,-0.7992025831142,0.001564683814003
1412.537544623,-0.7992024539381,0.001601660699247,-0.7992024539381,0.001601660699247
1428.893958511,-0.7992023210907,0.001638849866964,-0.7992023210907,0.001638849866964
1445.439770746,-0.7992021845015,0.001676256245947,-0.7992021845015,0.001676256245947
1462.177174457,-0.7992020440983,0.001713884793763,-0.7992020440983,0.001713884793763
1479.108388168,-0.7992018998064,0.001751740497403,-0.7992018998064,0.001751740497403
1496.235656094,-0.7992017515495,0.001789828373949,-0.7992017515495,0.001789828373949
1513.561248436,-0.7992015992488,0.001828153471234,-0.7992015992488,0.001828153471234
1531.087461682,-0.7992014428237,0.001866720868513,-0.7992014428237,0.001866720868513
1548.816618913,-0.7992012821912,0.001905535677132,-0.7992012821912,0.001905535677132
1566.751070108,-0.7992011172662,0.001944603041207,-0.7992011172662,0.001944603041207
1584.893192461,-0.7992009479612,0.001983928138307,-0.7992009479612,0.001983928138307
1603.24539069,-0.7992007741864,0.002023516180134,-0.7992007741864,0.002023516180134
1621.810097359,-0.7992005958498,0.002063372413218,-0.7992005958498,0.002063372413218
1640.5897732,-0.7992004128567,0.002103502119607,-0.7992004128567,0.002103502119607
1659.586907438,-0.7992002251102,0.002143910617572,-0.7992002251102,0.002143910617572
1678.804018123,-0.7992000325107,0.002184603262302,-0.7992000325107,0.002184603262302
1698.243652462,-0.799199834956,0.002225585446624,-0.799199834956,0.002225585446624
1717.908387158,-0.7991996323416,0.002266862601706,-0.7991996323416,0.002266862601706
1737.800828749,-0.7991994245598,0.002308440197783,-0.7991994245598,0.002308440197783
1757.923613959,-0.7991992115006,0.002350323744876,-0.7991992115006,0.002350323744876
1778.279410039,-0.799198993051,0.002392518793527,-0.799198993051,0.002392518793527
1798.870915129,-0.7991987690952,0.002435030935527,-0.7991987690952,0.002435030935527
1819.70085861,-0.7991985395144,0.002477865804659,-0.7991985395144,0.002477865804659
1840.772001469,-0.799198304187,0.002521029077444,-0.799198304187,0.002521029077444
1862.087136663,-0.7991980629881,0.00256452647389,-0.7991980629881,0.00256452647389
1883.64908949,-0.7991978157899,0.002608363758252,-0.7991978157899,0.002608363758252
1905.460717963,-0.7991975624613,0.002652546739788,-0.7991975624613,0.002652546739788
1927.524913191,-0.7991973028681,0.002697081273536,-0.7991973028681,0.002697081273536
1949.844599758,-0.7991970368725,0.002741973261083,-0.7991970368725,0.002741973261083
1972.422736115,-0.7991967643336,0.002787228651345,-0.7991967643336,0.002787228651345
1995.262314969,-0.7991964851068,0.002832853441357,-0.7991964851068,0.002832853441357
2018.366363682,-0.7991961990442,0.002878853677065,-0.7991961990442,0.002878853677065
2041.73794467,-0.799195905994,0.002925235454124,-0.799195905994,0.002925235454124
2065.380155811,-0.7991956058009,0.002972004918705,-0.7991956058009,0.002972004918705
2089.296130854,-0.7991952983057,0.00301916826831,-0.7991952983057,0.00301916826831
2113.489039837,-0.7991949833455,0.003066731752585,-0.7991949833455,0.003066731752585
2137.962089502,-0.7991946607532,0.003114701674155,-0.7991946607532,0.003114701674155
2162.718523727,-0.7991943303578,0.003163084389449,-0.7991943303578,0.003163084389449
2187.76162395,-0.7991939919841,0.003211886309547,-0.7991939919841,0.003211886309547
2213.094709606,-0.7991936454528,0.003261113901021,-0.7991936454528,0.003261113901021
2238.721138568,-0.7991932905801,0.003310773686796,-0.7991932905801,0.003310773686796
2264.644307593,-0.7991929271778,0.003360872247005,-0.7991929271778,0.003360872247005
2290.867652768,-0.7991925550534,0.003411416219868,-0.7991925550534,0.003411416219868
2317.394649969,-0.7991921740095,0.003462412302558,-0.7991921740095,0.003462412302558
2344.22881532,-0.7991917838441,0.003513867252095,-0.7991917838441,0.003513867252095
2371.373705662,-0.7991913843504,0.003565787886235,-0.7991913843504,0.003565787886235
2398.83291902,-0.7991909753165,0.003618181084369,-0.7991909753165,0.003618181084369
2426.610095083,-0.7991905565257,0.003671053788435,-0.7991905565257,0.003671053788435
2454.708915685,-0.7991901277558,0.003724413003835,-0.7991901277558,0.003724413003835
2483.133105296,-0.7991896887796,0.003778265800354,-0.7991896887796,0.003778265800354
2511.88643151,-0.7991892393643,0.003832619313104,-0.7991892393643,0.003832619313104
2540.972705549,-0.7991887792718,0.003887480743456,-0.7991887792718,0.003887480743456
2570.395782769,-0.7991883082579,0.003942857359997,-0.7991883082579,0.003942857359997
2600.159563165,-0.7991878260732,0.003998756499489,-0.7991878260732,0.003998756499489
2630.267991896,-0.7991873324618,0.004055185567835,-0.7991873324618,0.004055185567835
2660.725059799,-0.7991868271622,0.004112152041057,-0.7991868271622,0.004112152041057
2691.534803927,-0.7991863099065,0.004169663466284,-0.7991863099065,0.004169663466284
2722.701308078,-0.7991857804203,0.00422772746275,-0.7991857804203,0.00422772746275
2754.228703338,-0.7991852384231,0.004286351722793,-0.7991852384231,0.004286351722793
2786.12116863,-0.7991846836275,0.004345544012876,-0.7991846836275,0.004345544012876
2818.382931265,-0.7991841157393,0.004405312174607,-0.7991841157393,0.004405312174607
2851.018267504,-0.7991835344576,0.004465664125779,-0.7991835344576,0.004465664125779
2884.031503127,-0.799182939474,0.004526607861407,-0.799182939474,0.004526607861407
2917.427014001,-0.7991823304734,0.004588151454787,-0.7991823304734,0.004588151454787
2951.209226667,-0.7991817071326,0.004650303058562,-0.7991817071326,0.004650303058562
2985.382618918,-0.7991810691214,0.00471307090579,-0.7991810691214,0.00471307090579
3019.951720402,-0.7991804161015,0.004776463311036,-0.7991804161015,0.004776463311036
3054.921113216,-0.7991797477267,0.004840488671466,-0.7991797477267,0.004840488671466
3090.295432514,-0.7991790636426,0.004905155467951,-0.7991790636426,0.004905155467951
3126.079367124,-0.7991783634867,0.004970472266186,-0.7991783634867,0.004970472266186
3162.277660169,-0.7991776468877,0.005036447717821,-0.7991776468877,0.005036447717821
3198.895109692,-0.7991769134658,0.005103090561596,-0.7991769134658,0.005103090561596
3235.936569296,-0.7991761628322,0.005170409624495,-0.7991761628322,0.005170409624495
3273.406948789,-0.7991753945889,0.005238413822908,-0.7991753945889,0.005238413822908
3311.311214826,-0.7991746083286,0.005307112163804,-0.7991746083286,0.005307112163804
3349.654391578,-0.7991738036347,0.005376513745916,-0.7991738036347,0.005376513745916
3388.441561392,-0.7991729800805,0.005446627760941,-0.7991729800805,0.005446627760941
3427.677865465,-0.7991721372293,0.005517463494747,-0.7991721372293,0.005517463494747
3467.368504525,-0.7991712746345,0.005589030328597,-0.7991712746345,0.005589030328597
3507.518739526,-0.7991703918388,0.005661337740378,-0.7991703918388,0.005661337740378
3548.133892336,-0.7991694883742,0.005734395305857,-0.7991694883742,0.005734395305857
3589.21934645,-0.7991685637617,0.005808212699928,-0.7991685637617,0.005808212699928
3630.780547701,-0.7991676175112,0.005882799697896,-0.7991676175112,0.005882799697896
3672.823004981,-0.7991666491212,0.005958166176751,-0.7991666491212,0.005958166176751
3715.352290972,-0.7991656580783,0.006034322116474,-0.7991656580783,0.006034322116474
3758.374042885,-0.7991646438571,0.006111277601345,-0.7991646438571,0.006111277601345
3801.893963206,-0.79916360592,0.006189042821265,-0.79916360592,0.006189042821265
3845.917820454,-0.7991625437169,0.006267628073101,-0.7991625437169,0.006267628073101
3890.451449943,-0.7991614566847,0.006347043762031,-0.7991614566847,0.006347043762031
3935.500754558,-0.7991603442471,0.006427300402912,-0.7991603442471,0.006427300402912
3981.071705535,-0.7991592058146,0.006508408621664,-0.7991592058146,0.006508408621664
4027.170343255,-0.7991580407836,0.006590379156658,-0.7991580407836,0.006590379156658
4073.802778041,-0.7991568485366,0.006673222860127,-0.7991568485366,0.006673222860127
4120.975190974,-0.7991556284416,0.006756950699591,-0.7991556284416,0.006756950699591
4168.693834704,-0.799154379852,0.006841573759292,-0.799154379852,0.006841573759292
4216.965034286,-0.7991531021059,0.006927103241648,-0.7991531021059,0.006927103241648
4265.795188016,-0.799151794526,0.007013550468721,-0.799151794526,0.007013550468721
4315.190768278,-0.7991504564193,0.0071009268837,-0.7991504564193,0.0071009268837
4365.158322402,-0.7991490870764,0.007189244052399,-0.7991490870764,0.007189244052399
4415.704473533,-0.7991476857717,0.007278513664771,-0.7991476857717,0.007278513664771
4466.83592151,-0.7991462517622,0.00736874753644,-0.7991462517622,0.00736874753644
4518.559443749,-0.7991447842881,0.007459957610244,-0.7991447842881,0.007459957610244
4570.881896149,-0.7991432825714,0.0075521559578,-0.7991432825714,0.0075521559578
4623.810213993,-0.7991417458162,0.00764535478108,-0.7991417458162,0.00764535478108
4677.351412872,-0.7991401732081,0.007739566414005,-0.7991401732081,0.007739566414005
4731.512589615,-0.7991385639134,0.007834803324061,-0.7991385639134,0.007834803324061
4786.300923227,-0.7991369170793,0.007931078113925,-0.7991369170793,0.007931078113925
4841.723675841,-0.799135231833,0.008028403523108,-0.799135231833,0.008028403523108
4897.788193685,-0.7991335072811,0.008126792429623,-0.7991335072811,0.008126792429623
4954.501908048,-0.7991317425099,0.008226257851661,-0.7991317425099,0.008226257851661
5011.872336273,-0.7991299365838,0.008326812949291,-0.7991299365838,0.008326812949291
5069.907082747,-0.7991280885459,0.008428471026175,-0.7991280885459,0.008428471026175
5128.613839914,-0.7991261974167,0.008531245531303,-0.7991261974167,0.008531245531303
5188.00038929,-0.7991242621939,0.008635150060744,-0.7991242621939,0.008635150060744
5248.074602498,-0.7991222818519,0.008740198359416,-0.7991222818519,0.008740198359416
5308.84444231,-0.7991202553413,0.008846404322876,-0.7991202553413,0.008846404322876
5370.317963703,-0.799118181588,0.008953781999129,-0.799118181588,0.008953781999129
5432.503314925,-0.7991160594931,0.00906234559045,-0.7991160594931,0.00906234559045
5495.408738577,-0.799113887932,0.009172109455238,-0.799113887932,0.009172109455238
5559.042572704,-0.7991116657538,0.009283088109873,-0.7991116657538,0.009283088109873
5623.413251904,-0.799109391781,0.009395296230609,-0.799109391781,0.009395296230609
5688.529308439,-0.7991070648085,0.009508748655473,-0.7991070648085,0.009508748655473
5754.399373372,-0.7991046836032,0.009623460386192,-0.7991046836032,0.009623460386192
5821.032177709,-0.7991022469034,0.009739446590139,-0.7991022469034,0.009739446590139
5888.436553556,-0.7990997534176,0.0098567226023,-0.7990997534176,0.0098567226023
5956.62143529,-0.7990972018248,0.009975303927255,-0.7990972018248,0.009975303927255
6025.595860744,-0.7990945907727,0.01009520624119,-0.7990945907727,0.01009520624119
6095.368972402,-0.7990919188779,0.01021644539393,-0.7990919188779,0.01021644539393
6165.950018615,-0.7990891847246,0.01033903741097,-0.7990891847246,0.01033903741097
6237.348354825,-0.799086386864,0.01046299849556,-0.799086386864,0.01046299849556
6309.573444802,-0.7990835238136,0.01058834503082,-0.7990835238136,0.01058834503082
6382.634861906,-0.7990805940565,0.01071509358179,-0.7990805940565,0.01071509358179
6456.542290347,-0.7990775960403,0.01084326089764,-0.7990775960403,0.01084326089764
6531.305526475,-0.7990745281766,0.01097286391379,-0.7990745281766,0.01097286391379
6606.934480076,-0.7990713888399,0.01110391975408,-0.7990713888399,0.01110391975408
6683.439175686,-0.799068176367,0.01123644573301,-0.799068176367,0.01123644573301
6760.82975392,-0.7990648890558,0.01137045935794,-0.7990648890558,0.01137045935794
6839.116472815,-0.7990615251648,0.01150597833137,-0.7990615251648,0.01150597833137
6918.30970919,-0.7990580829118,0.01164302055316,-0.7990580829118,0.01164302055316
6998.419960023,-0.7990545604732,0.0117816041229,-0.7990545604732,0.0117816041229
7079.457843842,-0.7990509559828,0.01192174734215,-0.7990509559828,0.01192174734215
7161.434102129,-0.7990472675312,0.01206346871686,-0.7990472675312,0.01206346871686
7244.35960075,-0.7990434931644,0.0122067869597,-0.7990434931644,0.0122067869597
7328.245331389,-0.799039630883,0.01235172099247,-0.799039630883,0.01235172099247
7413.10241301,-0.7990356786411,0.01249828994848,-0.7990356786411,0.01249828994848
7498.942093325,-0.7990316343449,0.01264651317507,-0.7990316343449,0.01264651317507
7585.775750292,-0.7990274958524,0.01279641023598,-0.7990274958524,0.01279641023598
7673.614893619,-0.7990232609713,0.01294800091396,-0.7990232609713,0.01294800091396
7762.471166287,-0.7990189274586,0.01310130521316,-0.7990189274586,0.01310130521316
7852.356346101,-0.7990144930188,0.0132563433618,-0.7990144930188,0.0132563433618
7943.282347243,-0.7990099553033,0.01341313581466,-0.7990099553033,0.01341313581466
8035.261221857,-0.7990053119087,0.01357170325569,-0.7990053119087,0.01357170325569
8128.305161641,-0.7990005603758,0.01373206660067,-0.7990005603758,0.01373206660067
8222.426499471,-0.798995698188,0.01389424699982,-0.798995698188,0.01389424699982
8317.637711027,-0.7989907227703,0.0140582658405,-0.7989907227703,0.0140582658405
8413.951416452,-0.7989856314878,0.01422414474991,-0.7989856314878,0.01422414474991
8511.380382024,-0.7989804216444,0.01439190559782,-0.7989804216444,0.01439190559782
8609.937521846,-0.798975090481,0.01456157049932,-0.798975090481,0.01456157049932
8709.635899561,-0.7989696351746,0.01473316181763,-0.7989696351746,0.01473316181763
8810.488730081,-0.7989640528366,0.0149067021669,-0.7989640528366,0.0149067021669
8912.509381338,-0.7989583405109,0.01508221441503,-0.7989583405109,0.01508221441503
9015.71137606,-0.7989524951729,0.0152597216866,-0.7989524951729,0.0152597216866
9120.10839356,-0.7989465137277,0.01543924736571,-0.7989465137277,0.01543924736571
9225.714271548,-0.7989403930084,0.01562081509893,-0.7989403930084,0.01562081509893
9332.54300797,-0.7989341297742,0.01580444879826,-0.7989341297742,0.01580444879826
9440.60876286,-0.7989277207094,0.01599017264413,-0.7989277207094,0.01599017264413
9549.925860215,-0.798921162421,0.01617801108836,-0.798921162421,0.01617801108836
9660.508789899,-0.7989144514369,0.01636798885728,-0.7989144514369,0.01636798885728
9772.372209559,-0.7989075842048,0.01656013095475,-0.7989075842048,0.01656013095475
9885.53094657,-0.7989005570893,0.01675446266526,-0.7989005570893,0.01675446266526
10000.0,-0.7988933663709,0.01695100955711,-0.7988933663709,0.01695100955711
10115.7945426,-0.7988860082435,0.01714979748552,-0.7988860082435,0.01714979748552
10232.92992281,-0.7988784788124,0.01735085259586,-0.7988784788124,0.01735085259586
10351.42166679,-0.7988707740926,0.01755420132684,-0.7988707740926,0.01755420132684
10471.28548051,-0.7988628900064,0.0177598704138,-0.7988628900064,0.0177598704138
10592.53725177,-0.7988548223815,0.01796788689198,-0.7988548223815,0.01796788689198
10715.19305238,-0.7988465669483,0.0181782780998,-0.7988465669483,0.0181782780998
10839.26914021,-0.7988381193385,0.01839107168228,-0.7988381193385,0.01839107168228
10964.78196143,-0.7988294750819,0.01860629559433,-0.7988294750819,0.01860629559433
11091.74815262,-0.7988206296046,0.01882397810422,-0.7988206296046,0.01882397810422
11220.18454302,-0.7988115782264,0.01904414779701,-0.7988115782264,0.01904414779701
11350.10815672,-0.7988023161586,0.01926683357798,-0.7988023161586,0.01926683357798
11481.53621497,-0.798792838501,0.01949206467616,-0.798792838501,0.01949206467616
11614.4861384,-0.7987831402398,0.01971987064789,-0.7987831402398,0.01971987064789
11748.9755494,-0.7987732162447,0.01995028138033,-0.7987732162447,0.01995028138033
11885.02227437,-0.7987630612662,0.02018332709507,-0.7987630612662,0.02018332709507
12022.64434617,-0.798752669933,0.02041903835178,-0.798752669933,0.02041903835178
12161.86000646,-0.798742036749,0.02065744605185,-0.798742036749,0.02065744605185
12302.68770812,-0.7987311560906,0.02089858144208,-0.7987311560906,0.02089858144208
12445.14611771,-0.7987200222038,0.02114247611841,-0.7987200222038,0.02114247611841
12589.25411794,-0.7987086292006,0.02138916202965,-0.7987086292006,0.02138916202965
12735.03081017,-0.7986969710568,0.02163867148129,-0.7986969710568,0.02163867148129
12882.49551693,-0.7986850416081,0.0218910371393,-0.7986850416081,0.0218910371393
13031.66778452,-0.7986728345473,0.02214629203399,-0.7986728345473,0.02214629203399
13182.56738556,-0.7986603434208,0.02240446956387,-0.7986603434208,0.02240446956387
13335.21432163,-0.7986475616253,0.02266560349959,-0.7986475616253,0.02266560349959
13489.62882592,-0.7986344824043,0.02292972798784,-0.7986344824043,0.02292972798784
13645.83136589,-0.7986210988444,0.02319687755535,-0.7986210988444,0.02319687755535
13803.84264603,-0.7986074038722,0.02346708711288,-0.7986074038722,0.02346708711288
13963.68361056,-0.7985933902499,0.02374039195929,-0.7985933902499,0.02374039195929
14125.37544623,-0.7985790505721,0.02401682778553,-0.7985790505721,0.02401682778553
14288.93958511,-0.7985643772615,0.02429643067882,-0.7985643772615,0.02429643067882
14454.39770746,-0.7985493625653,0.02457923712671,-0.7985493625653,0.02457923712671
14621.77174457,-0.7985339985508,0.02486528402128,-0.7985339985508,0.02486528402128
14791.08388168,-0.7985182771015,0.02515460866328,-0.7985182771015,0.02515460866328
14962.35656095,-0.7985021899129,0.0254472487664,-0.7985021899129,0.0254472487664
15135.61248436,-0.7984857284878,0.02574324246147,-0.7984857284878,0.02574324246147
15310.87461682,-0.7984688841324,0.02604262830075,-0.7984688841324,0.02604262830075
15488.16618913,-0.7984516479511,0.02634544526223,-0.7984516479511,0.02634544526223
15667.51070108,-0.7984340108425,0.02665173275396,-0.7984340108425,0.02665173275396
15848.93192461,-0.7984159634944,0.02696153061841,-0.7984159634944,0.02696153061841
16032.4539069,-0.7983974963788,0.02727487913684,-0.7983974963788,0.02727487913684
16218.10097359,-0.7983785997471,0.02759181903375,-0.7983785997471,0.02759181903375
16405.897732,-0.798359263625,0.02791239148125,-0.798359263625,0.02791239148125
16595.86907438,-0.7983394778073,0.02823663810361,-0.7983394778073,0.02823663810361
16788.04018123,-0.7983192318526,0.02856460098166,-0.7983192318526,0.02856460098166
16982.43652462,-0.7982985150777,0.0288963226574,-0.7982985150777,0.0288963226574
17179.08387158,-0.7982773165524,0.02923184613843,-0.7982773165524,0.02923184613843
17378.00828749,-0.7982556250935,0.02957121490261,-0.7982556250935,0.02957121490261
17579.23613959,-0.7982334292592,0.02991447290257,-0.7982334292592,0.02991447290257
17782.79410039,-0.7982107173428,0.03026166457037,-0.7982107173428,0.03026166457037
17988.70915129,-0.7981874773672,0.0306128348221,-0.7981874773672,0.0306128348221
18197.0085861,-0.7981636970781,0.03096802906251,-0.7981636970781,0.03096802906251
18407.72001469,-0.7981393639383,0.0313272931897,-0.7981393639383,0.0313272931897
18620.87136663,-0.7981144651203,0.03169067359981,-0.7981144651203,0.03169067359981
18836.4908949,-0.7980889875006,0.03205821719171,-0.7980889875006,0.03205821719171
19054.60717963,-0.7980629176523,0.03242997137171,-0.7980629176523,0.03242997137171
19275.24913191,-0.7980362418383,0.03280598405829,-0.7980362418383,0.03280598405829
19498.44599758,-0.7980089460044,0.03318630368687,-0.7980089460044,0.03318630368687
19724.22736115,-0.7979810157718,0.03357097921455,-0.7979810157718,0.03357097921455
19952.62314969,-0.7979524364295,0.03396006012489,-0.7979524364295,0.03396006012489
20183.66363682,-0.7979231929274,0.03435359643268,-0.7979231929274,0.03435359643268
20417.3794467,-0.7978932698677,0.03475163868872,-0.7978932698677,0.03475163868872
20653.80155811,-0.7978626514976,0.03515423798466,-0.7978626514976,0.03515423798466
20892.96130854,-0.7978313217008,0.03556144595775,-0.7978313217008,0.03556144595775
21134.89039837,-0.7977992639894,0.03597331479566,-0.7977992639894,0.03597331479566
21379.62089502,-0.7977664614953,0.03638989724131,-0.7977664614953,0.03638989724131
21627.18523727,-0.7977328969617,0.03681124659765,-0.7977328969617,0.03681124659765
21877.6162395,-0.797698552734,0.03723741673247,-0.797698552734,0.03723741673247
22130.94709606,-0.7976634107509,0.03766846208323,-0.7976634107509,0.03766846208323
22387.21138568,-0.7976274525352,0.03810443766181,-0.7976274525352,0.03810443766181
22646.44307593,-0.7975906591841,0.03854539905933,-0.7975906591841,0.03854539905933
22908.67652768,-0.7975530113598,0.03899140245091,-0.7975530113598,0.03899140245091
23173.94649969,-0.7975144892792,0.03944250460048,-0.7975144892792,0.03944250460048
23442.2881532,-0.7974750727043,0.03989876286546,-0.7974750727043,0.03989876286546
23713.73705662,-0.7974347409315,0.04036023520155,-0.7974347409315,0.04036023520155
23988.3291902,-0.7973934727811,0.04082698016742,-0.7973934727811,0.04082698016742
24266.10095083,-0.7973512465867,0.04129905692941,-0.7973512465867,0.04129905692941
24547.08915685,-0.7973080401838,0.04177652526618,-0.7973080401838,0.04177652526618
24831.33105296,-0.797263830899,0.04225944557335,-0.797263830899,0.04225944557335
25118.8643151,-0.7972185955378,0.04274787886814,-0.7972185955378,0.04274787886814
25409.72705549,-0.7971723103736,0.04324188679388,-0.7971723103736,0.04324188679388
25703.95782769,-0.7971249511351,0.04374153162456,-0.7971249511351,0.04374153162456
26001.59563165,-0.7970764929942,0.04424687626935,-0.7970764929942,0.04424687626935
26302.67991896,-0.7970269105535,0.044757984277,-0.7970269105535,0.044757984277
26607.25059799,-0.7969761778333,0.04527491984025,-0.7969761778333,0.04527491984025
26915.34803927,-0.7969242682584,0.04579774780016,-0.7969242682584,0.04579774780016
27227.01308078,-0.7968711546451,0.04632653365039,-0.7968711546451,0.04632653365039
27542.28703338,-0.7968168091871,0.04686134354145,-0.7968168091871,0.04686134354145
27861.2116863,-0.7967612034416,0.04740224428478,-0.7967612034416,0.04740224428478
28183.82931265,-0.796704308315,0.0479493033569,-0.796704308315,0.0479493033569
28510.18267504,-0.7966460940486,0.04850258890336,-0.7966460940486,0.04850258890336
28840.31503127,-0.7965865302032,0.0490621697427,-0.7965865302032,0.0490621697427
29174.27014001,-0.7965255856439,0.04962811537025,-0.7965255856439,0.04962811537025
29512.09226667,-0.796463228525,0.0502004959619,-0.796463228525,0.0502004959619
29853.82618918,-0.7963994262737,0.05077938237772,-0.7963994262737,0.05077938237772
30199.51720402,-0.7963341455739,0.05136484616552,-0.7963341455739,0.05136484616552
30549.21113216,-0.7962673523496,0.05195695956425,-0.7962673523496,0.05195695956425
30902.95432514,-0.7961990117482,0.05255579550736,-0.7961990117482,0.05255579550736
31260.79367124,-0.7961290881228,0.05316142762594,-0.7961290881228,0.05316142762594
31622.77660169,-0.7960575450149,0.05377393025181,-0.7960575450149,0.05377393025181
31988.95109692,-0.7959843451362,0.05439337842046,-0.7959843451362,0.05439337842046
32359.36569296,-0.7959094503501,0.05501984787376,-0.7959094503501,0.05501984787376
32734.06948789,-0.795832821653,0.05565341506268,-0.795832821653,0.05565341506268
33113.11214826,-0.7957544191551,0.0562941571497,-0.7957544191551,0.0562941571497
33496.54391578,-0.7956742020609,0.05694215201111,-0.7956742020609,0.05694215201111
33884.41561392,-0.7955921286488,0.05759747823917,-0.7955921286488,0.05759747823917
34276.77865465,-0.7955081562511,0.058260215144,-0.7955081562511,0.058260215144
34673.68504526,-0.7954222412331,0.05893044275539,-0.7954222412331,0.05893044275539
35075.18739526,-0.7953343389714,0.05960824182427,-0.7953343389714,0.05960824182427
35481.33892336,-0.7952444038329,0.06029369382409,-0.7952444038329,0.06029369382409
35892.1934645,-0.7951523891518,0.06098688095189,-0.7951523891518,0.06098688095189
36307.80547701,-0.7950582472078,0.0616878861292,-0.7950582472078,0.0616878861292
36728.23004981,-0.7949619292024,0.06239679300263,-0.7949619292024,0.06239679300263
37153.52290972,-0.7948633852356,0.06311368594429,-0.7948633852356,0.06311368594429
37583.74042885,-0.7947625642821,0.06383865005182,-0.7947625642821,0.06383865005182
38018.93963206,-0.7946594141664,0.06457177114829,-0.7946594141664,0.06457177114829
38459.17820454,-0.7945538815379,0.06531313578166,-0.7945538815379,0.06531313578166
38904.51449943,-0.7944459118457,0.06606283122405,-0.7944459118457,0.06606283122405
39355.00754558,-0.7943354493122,0.06682094547062,-0.7943354493122,0.06682094547062
39810.71705535,-0.7942224369069,0.06758756723816,-0.7942224369069,0.06758756723816
40271.70343255,-0.7941068163193,0.0683627859633,-0.7941068163193,0.0683627859633
40738.02778041,-0.7939885279309,0.0691466918004,-0.7939885279309,0.0691466918004
41209.75190974,-0.7938675107878,0.06993937561901,-0.7938675107878,0.06993937561901
41686.93834704,-0.7937437025716,0.07074092900097,-0.7937437025716,0.07074092900097
42169.65034286,-0.7936170395703,0.07155144423714,-0.7936170395703,0.07155144423714
42657.95188016,-0.7934874566485,0.07237101432359,-0.7934874566485,0.07237101432359
43151.90768278,-0.793354887217,0.0731997329575,-0.793354887217,0.0731997329575
43651.58322402,-0.7932192632021,0.07403769453245,-0.7932192632021,0.07403769453245
44157.04473533,-0.7930805150138,0.07488499413336,-0.7930805150138,0.07488499413336
44668.3592151,-0.792938571514,0.07574172753081,-0.792938571514,0.07574172753081
45185.5944375,-0.7927933599837,0.07660799117495,-0.7927933599837,0.07660799117495
45708.81896149,-0.7926448060895,0.07748388218884,-0.7926448060895,0.07748388218884
46238.10213993,-0.7924928338499,0.07836949836116,-0.7924928338499,0.07836949836116
46773.51412872,-0.7923373656009,0.07926493813843,-0.7923373656009,0.07926493813843
47315.12589615,-0.7921783219604,0.08017030061659,-0.7921783219604,0.08017030061659
47863.00923227,-0.7920156217927,0.08108568553196,-0.7920156217927,0.08108568553196
48417.23675841,-0.7918491821723,0.08201119325153,-0.7918491821723,0.08201119325153
48977.88193685,-0.7916789183461,0.08294692476259,-0.7916789183461,0.08294692476259
49545.01908048,-0.7915047436964,0.08389298166168,-0.7915047436964,0.08389298166168
50118.72336273,-0.791326569702,0.08484946614277,-0.791326569702,0.08484946614277
50699.07082747,-0.7911443058996,0.08581648098472,-0.7911443058996,0.08581648098472
51286.13839914,-0.7909578598434,0.08679412953793,-0.7909578598434,0.08679412953793
51880.0038929,-0.7907671370654,0.08778251571025,-0.7907671370654,0.08778251571025
52480.74602498,-0.7905720410339,0.08878174395194,-0.7905720410339,0.08878174395194
53088.4444231,-0.7903724731117,0.08979191923982,-0.7903724731117,0.08979191923982
53703.17963703,-0.7901683325141,0.09081314706058,-0.7901683325141,0.09081314706058
54325.03314925,-0.7899595162651,0.09184553339304,-0.7899595162651,0.09184553339304
54954.08738577,-0.789745919154,0.09288918468951,-0.789745919154,0.09288918468951
55590.42572704,-0.7895274336908,0.09394420785615,-0.7895274336908,0.09394420785615
56234.13251904,-0.7893039500608,0.09501071023229,-0.7893039500608,0.09501071023229
56885.29308439,-0.7890753560791,0.09608879956865,-0.7890753560791,0.09608879956865
57543.99373372,-0.7888415371433,0.09717858400449,-0.7888415371433,0.09717858400449
58210.32177709,-0.7886023761867,0.09828017204362,-0.7886023761867,0.09828017204362
58884.36553556,-0.7883577536301,0.09939367252915,-0.7883577536301,0.09939367252915
59566.2143529,-0.7881075473331,0.1005191946171,-0.7881075473331,0.1005191946171
60255.95860744,-0.7878516325448,0.1016568477488,-0.7878516325448,0.1016568477488
60953.68972402,-0.7875898818534,0.1028067416218,-0.7875898818534,0.1028067416218
61659.50018615,-0.7873221651356,0.1039689861593,-0.7873221651356,0.1039689861593
62373.48354825,-0.7870483495053,0.1051436914789,-0.7870483495053,0.1051436914789
63095.73444802,-0.786768299261,0.106330967859,-0.786768299261,0.106330967859
63826.34861906,-0.7864818758336,0.1075309257045,-0.7864818758336,0.1075309257045
64565.42290347,-0.7861889377322,0.1087436755099,-0.7861889377322,0.1087436755099
65313.05526475,-0.7858893404906,0.1099693278224,-0.7858893404906,0.1099693278224
66069.34480076,-0.7855829366123,0.1112079932017,-0.7855829366123,0.1112079932017
66834.39175687,-0.7852695755149,0.1124597821793,-0.7852695755149,0.1124597821793
67608.2975392,-0.7849491034744,0.1137248052154,-0.7849491034744,0.1137248052154
68391.16472815,-0.7846213635684,0.1150031726545,-0.7846213635684,0.1150031726545
69183.0970919,-0.7842861956192,0.1162949946785,-0.7842861956192,0.1162949946785
69984.19960023,-0.7839434361353,0.1176003812584,-0.7839434361353,0.1176003812584
70794.57843842,-0.7835929182542,0.1189194421042,-0.7835929182542,0.1189194421042
71614.34102129,-0.7832344716824,0.1202522866119,-0.7832344716824,0.1202522866119
72443.5960075,-0.7828679226371,0.1215990238097,-0.7828679226371,0.1215990238097
73282.4533139,-0.7824930937854,0.1229597623004,-0.7824930937854,0.1229597623004
74131.0241301,-0.7821098041849,0.1243346102034,-0.7821098041849,0.1243346102034
74989.42093325,-0.7817178692225,0.1257236750932,-0.7817178692225,0.1257236750932
75857.75750292,-0.7813171005534,0.1271270639357,-0.7813171005534,0.1271270639357
76736.14893619,-0.7809073060397,0.1285448830224,-0.7809073060397,0.1285448830224
77624.71166287,-0.7804882896888,0.1299772379022,-0.7804882896888,0.1299772379022
78523.56346101,-0.7800598515909,0.1314242333104,-0.7800598515909,0.1314242333104
79432.82347243,-0.7796217878572,0.1328859730948,-0.7796217878572,0.1328859730948
80352.61221857,-0.7791738905573,0.1343625601398,-0.7791738905573,0.1343625601398
81283.05161642,-0.7787159476563,0.1358540962873,-0.7787159476563,0.1358540962873
82224.26499471,-0.7782477429524,0.1373606822549,-0.7782477429524,0.1373606822549
83176.37711027,-0.7777690560138,0.1388824175508,-0.7777690560138,0.1388824175508
84139.51416453,-0.7772796621162,0.1404194003867,-0.7772796621162,0.1404194003867
85113.80382024,-0.77677933218,0.1419717275861,-0.77677933218,0.1419717275861
86099.37521847,-0.7762678327078,0.1435394944912,-0.7762678327078,0.1435394944912
87096.35899561,-0.7757449257218,0.1451227948651,-0.7757449257218,0.1451227948651
88104.88730081,-0.7752103687018,0.1467217207915,-0.7752103687018,0.1467217207915
89125.09381338,-0.7746639145237,0.148336362571,-0.7746639145237,0.148336362571
90157.1137606,-0.7741053113979,0.1499668086134,-0.7741053113979,0.1499668086134
91201.0839356,-0.7735343028083,0.1516131453271,-0.7735343028083,0.1516131453271
92257.14271548,-0.7729506274526,0.1532754570046,-0.7729506274526,0.1532754570046
93325.43007971,-0.7723540191823,0.1549538257041,-0.7723540191823,0.1549538257041
94406.0876286,-0.771744206944,0.1566483311273,-0.771744206944,0.1566483311273
95499.25860215,-0.7711209147218,0.1583590504942,-0.7711209147218,0.1583590504942
96605.08789899,-0.7704838614802,0.1600860584124,-0.7704838614802,0.1600860584124
97723.72209559,-0.7698327611083,0.1618294267439,-0.7698327611083,0.1618294267439
98855.3094657,-0.7691673223653,0.1635892244665,-0.7691673223653,0.1635892244665
100000.0,-0.7684872488274,0.1653655175321,-0.7684872488274,0.1653655175321
